2026-08-12 22:59:07,793 | INFO | === New model #0 params={'alpha': 1e-05, 'class_weight': {np.int64(0): np.float64(0.570472416046546), np.int64(1): np.float64(4.0474872868680825)}, 'eta0': 0.001, 'learning_rate': 'optimal', 'loss': 'hinge', 'max_iter': 1000, 'n_iter_no_change': 5, 'penalty': 'l1', 'tol': 0.0001, 'validation_fraction': 0.1} ===
2026-08-12 22:59:11,432 | INFO | Model 0| f1=0.9700 recall=0.9874 loss_train=0.0170 loss_test=0.0243
2026-08-12 22:59:11,432 | INFO | Model 0 | training finished | total_elapsed=3.64s
2026-08-12 22:59:11,433 | INFO | === New model #1 params={'alpha': 1e-05, 'class_weight': {np.int64(0): np.float64(0.570472416046546), np.int64(1): np.float64(4.0474872868680825)}, 'eta0': 0.001, 'learning_rate': 'optimal', 'loss': 'hinge', 'max_iter': 1000, 'n_iter_no_change': 5, 'penalty': 'l1', 'tol': 0.0001, 'validation_fraction': 0.2} ===
2026-08-12 22:59:13,821 | INFO | Model 1| f1=0.9621 recall=0.9883 loss_train=0.0226 loss_test=0.0302
2026-08-12 22:59:13,821 | INFO | Model 1 | training finished | total_elapsed=2.39s
2026-08-12 22:59:13,821 | INFO | === New model #2 params={'alpha': 1e-05, 'class_weight': {np.int64(0): np.float64(0.570472416046546), np.int64(1): np.float64(4.0474872868680825)}, 'eta0': 0.001, 'learning_rate': 'optimal', 'loss': 'hinge', 'max_iter': 1000, 'n_iter_no_change': 5, 'penalty': 'l1', 'tol': 1e-05, 'validation_fraction': 0.1} ===
2026-08-12 22:59:18,235 | INFO | Model 2| f1=0.9710 recall=0.9874 loss_train=0.0167 loss_test=0.0235
2026-08-12 22:59:18,235 | INFO | Model 2 | training finished | total_elapsed=4.41s
2026-08-12 22:59:18,235 | INFO | === New model #3 params={'alpha': 1e-05, 'class_weight': {np.int64(0): np.float64(0.570472416046546), np.int64(1): np.float64(4.0474872868680825)}, 'eta0': 0.001, 'learning_rate': 'optimal', 'loss': 'hinge', 'max_iter': 1000, 'n_iter_no_change': 5, 'penalty': 'l1', 'tol': 1e-05, 'validation_fraction': 0.2} ===
2026-08-12 22:59:20,567 | INFO | Model 3| f1=0.9621 recall=0.9883 loss_train=0.0226 loss_test=0.0302
2026-08-12 22:59:20,567 | INFO | Model 3 | training finished | total_elapsed=2.33s
2026-08-12 22:59:20,568 | INFO | === New model #4 params={'alpha': 1e-05, 'class_weight': {np.int64(0): np.float64(0.570472416046546), np.int64(1): np.float64(4.0474872868680825)}, 'eta0': 0.001, 'learning_rate': 'optimal', 'loss': 'hinge', 'max_iter': 1000, 'n_iter_no_change': 5, 'penalty': 'l2', 'tol': 0.0001, 'validation_fraction': 0.1} ===
2026-08-12 22:59:21,241 | INFO | Model 4| f1=0.9842 recall=0.9865 loss_train=0.0053 loss_test=0.0145
2026-08-12 22:59:21,241 | INFO | Model 4 | training finished | total_elapsed=0.67s
2026-08-12 22:59:21,242 | INFO | === New model #5 params={'alpha': 1e-05, 'class_weight': {np.int64(0): np.float64(0.570472416046546), np.int64(1): np.float64(4.0474872868680825)}, 'eta0': 0.001, 'learning_rate': 'optimal', 'loss': 'hinge', 'max_iter': 1000, 'n_iter_no_change': 5, 'penalty': 'l2', 'tol': 0.0001, 'validation_fraction': 0.2} ===
2026-08-12 22:59:21,957 | INFO | Model 5| f1=0.9856 recall=0.9850 loss_train=0.0058 loss_test=0.0143
2026-08-12 22:59:21,958 | INFO | Model 5 | training finished | total_elapsed=0.72s
2026-08-12 22:59:21,958 | INFO | === New model #6 params={'alpha': 1e-05, 'class_weight': {np.int64(0): np.float64(0.570472416046546), np.int64(1): np.float64(4.0474872868680825)}, 'eta0': 0.001, 'learning_rate': 'optimal', 'loss': 'hinge', 'max_iter': 1000, 'n_iter_no_change': 5, 'penalty': 'l2', 'tol': 1e-05, 'validation_fraction': 0.1} ===
2026-08-12 22:59:22,635 | INFO | Model 6| f1=0.9842 recall=0.9865 loss_train=0.0053 loss_test=0.0145
2026-08-12 22:59:22,635 | INFO | Model 6 | training finished | total_elapsed=0.68s
2026-08-12 22:59:22,635 | INFO | === New model #7 params={'alpha': 1e-05, 'class_weight': {np.int64(0): np.float64(0.570472416046546), np.int64(1): np.float64(4.0474872868680825)}, 'eta0': 0.001, 'learning_rate': 'optimal', 'loss': 'hinge', 'max_iter': 1000, 'n_iter_no_change': 5, 'penalty': 'l2', 'tol': 1e-05, 'validation_fraction': 0.2} ===
2026-08-12 22:59:23,325 | INFO | Model 7| f1=0.9856 recall=0.9850 loss_train=0.0058 loss_test=0.0143
2026-08-12 22:59:23,325 | INFO | Model 7 | training finished | total_elapsed=0.69s
2026-08-12 22:59:23,325 | INFO | === New model #8 params={'alpha': 1e-05, 'class_weight': {np.int64(0): np.float64(0.570472416046546), np.int64(1): np.float64(4.0474872868680825)}, 'eta0': 0.001, 'learning_rate': 'optimal', 'loss': 'hinge', 'max_iter': 1000, 'n_iter_no_change': 10, 'penalty': 'l1', 'tol': 0.0001, 'validation_fraction': 0.1} ===
2026-08-12 22:59:27,746 | INFO | Model 8| f1=0.9710 recall=0.9874 loss_train=0.0167 loss_test=0.0235
2026-08-12 22:59:27,747 | INFO | Model 8 | training finished | total_elapsed=4.42s
2026-08-12 22:59:27,747 | INFO | === New model #9 params={'alpha': 1e-05, 'class_weight': {np.int64(0): np.float64(0.570472416046546), np.int64(1): np.float64(4.0474872868680825)}, 'eta0': 0.001, 'learning_rate': 'optimal', 'loss': 'hinge', 'max_iter': 1000, 'n_iter_no_change': 10, 'penalty': 'l1', 'tol': 0.0001, 'validation_fraction': 0.2} ===
2026-08-12 22:59:34,049 | INFO | Model 9| f1=0.9702 recall=0.9874 loss_train=0.0183 loss_test=0.0239
2026-08-12 22:59:34,049 | INFO | Model 9 | training finished | total_elapsed=6.30s
2026-08-12 22:59:34,050 | INFO | === New model #10 params={'alpha': 1e-05, 'class_weight': {np.int64(0): np.float64(0.570472416046546), np.int64(1): np.float64(4.0474872868680825)}, 'eta0': 0.001, 'learning_rate': 'optimal', 'loss': 'hinge', 'max_iter': 1000, 'n_iter_no_change': 10, 'penalty': 'l1', 'tol': 1e-05, 'validation_fraction': 0.1} ===
2026-08-12 22:59:41,505 | INFO | Model 10| f1=0.9727 recall=0.9868 loss_train=0.0160 loss_test=0.0221
2026-08-12 22:59:41,505 | INFO | Model 10 | training finished | total_elapsed=7.46s
2026-08-12 22:59:41,506 | INFO | === New model #11 params={'alpha': 1e-05, 'class_weight': {np.int64(0): np.float64(0.570472416046546), np.int64(1): np.float64(4.0474872868680825)}, 'eta0': 0.001, 'learning_rate': 'optimal', 'loss': 'hinge', 'max_iter': 1000, 'n_iter_no_change': 10, 'penalty': 'l1', 'tol': 1e-05, 'validation_fraction': 0.2} ===
2026-08-12 22:59:49,963 | INFO | Model 11| f1=0.9707 recall=0.9874 loss_train=0.0181 loss_test=0.0234
2026-08-12 22:59:49,964 | INFO | Model 11 | training finished | total_elapsed=8.46s
2026-08-12 22:59:49,964 | INFO | === New model #12 params={'alpha': 1e-05, 'class_weight': {np.int64(0): np.float64(0.570472416046546), np.int64(1): np.float64(4.0474872868680825)}, 'eta0': 0.001, 'learning_rate': 'optimal', 'loss': 'hinge', 'max_iter': 1000, 'n_iter_no_change': 10, 'penalty': 'l2', 'tol': 0.0001, 'validation_fraction': 0.1} ===
2026-08-12 22:59:51,036 | INFO | Model 12| f1=0.9843 recall=0.9853 loss_train=0.0050 loss_test=0.0158
2026-08-12 22:59:51,037 | INFO | Model 12 | training finished | total_elapsed=1.07s
2026-08-12 22:59:51,037 | INFO | === New model #13 params={'alpha': 1e-05, 'class_weight': {np.int64(0): np.float64(0.570472416046546), np.int64(1): np.float64(4.0474872868680825)}, 'eta0': 0.001, 'learning_rate': 'optimal', 'loss': 'hinge', 'max_iter': 1000, 'n_iter_no_change': 10, 'penalty': 'l2', 'tol': 0.0001, 'validation_fraction': 0.2} ===
2026-08-12 22:59:52,114 | INFO | Model 13| f1=0.9861 recall=0.9865 loss_train=0.0066 loss_test=0.0165
2026-08-12 22:59:52,114 | INFO | Model 13 | training finished | total_elapsed=1.08s
2026-08-12 22:59:52,115 | INFO | === New model #14 params={'alpha': 1e-05, 'class_weight': {np.int64(0): np.float64(0.570472416046546), np.int64(1): np.float64(4.0474872868680825)}, 'eta0': 0.001, 'learning_rate': 'optimal', 'loss': 'hinge', 'max_iter': 1000, 'n_iter_no_change': 10, 'penalty': 'l2', 'tol': 1e-05, 'validation_fraction': 0.1} ===
2026-08-12 22:59:53,437 | INFO | Model 14| f1=0.9843 recall=0.9853 loss_train=0.0050 loss_test=0.0158
2026-08-12 22:59:53,437 | INFO | Model 14 | training finished | total_elapsed=1.32s
2026-08-12 22:59:53,437 | INFO | === New model #15 params={'alpha': 1e-05, 'class_weight': {np.int64(0): np.float64(0.570472416046546), np.int64(1): np.float64(4.0474872868680825)}, 'eta0': 0.001, 'learning_rate': 'optimal', 'loss': 'hinge', 'max_iter': 1000, 'n_iter_no_change': 10, 'penalty': 'l2', 'tol': 1e-05, 'validation_fraction': 0.2} ===
2026-08-12 22:59:54,514 | INFO | Model 15| f1=0.9861 recall=0.9865 loss_train=0.0066 loss_test=0.0165
2026-08-12 22:59:54,515 | INFO | Model 15 | training finished | total_elapsed=1.08s
2026-08-12 22:59:54,515 | INFO | === New model #16 params={'alpha': 1e-05, 'class_weight': {np.int64(0): np.float64(0.570472416046546), np.int64(1): np.float64(4.0474872868680825)}, 'eta0': 0.001, 'learning_rate': 'optimal', 'loss': 'hinge', 'max_iter': 2000, 'n_iter_no_change': 5, 'penalty': 'l1', 'tol': 0.0001, 'validation_fraction': 0.1} ===
2026-08-12 22:59:57,744 | INFO | Model 16| f1=0.9700 recall=0.9874 loss_train=0.0170 loss_test=0.0243
2026-08-12 22:59:57,744 | INFO | Model 16 | training finished | total_elapsed=3.23s
2026-08-12 22:59:57,744 | INFO | === New model #17 params={'alpha': 1e-05, 'class_weight': {np.int64(0): np.float64(0.570472416046546), np.int64(1): np.float64(4.0474872868680825)}, 'eta0': 0.001, 'learning_rate': 'optimal', 'loss': 'hinge', 'max_iter': 2000, 'n_iter_no_change': 5, 'penalty': 'l1', 'tol': 0.0001, 'validation_fraction': 0.2} ===
2026-08-12 22:59:59,857 | INFO | Model 17| f1=0.9621 recall=0.9883 loss_train=0.0226 loss_test=0.0302
2026-08-12 22:59:59,857 | INFO | Model 17 | training finished | total_elapsed=2.11s
2026-08-12 22:59:59,857 | INFO | === New model #18 params={'alpha': 1e-05, 'class_weight': {np.int64(0): np.float64(0.570472416046546), np.int64(1): np.float64(4.0474872868680825)}, 'eta0': 0.001, 'learning_rate': 'optimal', 'loss': 'hinge', 'max_iter': 2000, 'n_iter_no_change': 5, 'penalty': 'l1', 'tol': 1e-05, 'validation_fraction': 0.1} ===
2026-08-12 23:00:04,023 | INFO | Model 18| f1=0.9710 recall=0.9874 loss_train=0.0167 loss_test=0.0235
2026-08-12 23:00:04,023 | INFO | Model 18 | training finished | total_elapsed=4.17s
2026-08-12 23:00:04,024 | INFO | === New model #19 params={'alpha': 1e-05, 'class_weight': {np.int64(0): np.float64(0.570472416046546), np.int64(1): np.float64(4.0474872868680825)}, 'eta0': 0.001, 'learning_rate': 'optimal', 'loss': 'hinge', 'max_iter': 2000, 'n_iter_no_change': 5, 'penalty': 'l1', 'tol': 1e-05, 'validation_fraction': 0.2} ===
2026-08-12 23:00:06,162 | INFO | Model 19| f1=0.9621 recall=0.9883 loss_train=0.0226 loss_test=0.0302
2026-08-12 23:00:06,162 | INFO | Model 19 | training finished | total_elapsed=2.14s
2026-08-12 23:00:06,163 | INFO | === New model #20 params={'alpha': 1e-05, 'class_weight': {np.int64(0): np.float64(0.570472416046546), np.int64(1): np.float64(4.0474872868680825)}, 'eta0': 0.001, 'learning_rate': 'optimal', 'loss': 'hinge', 'max_iter': 2000, 'n_iter_no_change': 5, 'penalty': 'l2', 'tol': 0.0001, 'validation_fraction': 0.1} ===
2026-08-12 23:00:06,822 | INFO | Model 20| f1=0.9842 recall=0.9865 loss_train=0.0053 loss_test=0.0145
2026-08-12 23:00:06,822 | INFO | Model 20 | training finished | total_elapsed=0.66s
2026-08-12 23:00:06,823 | INFO | === New model #21 params={'alpha': 1e-05, 'class_weight': {np.int64(0): np.float64(0.570472416046546), np.int64(1): np.float64(4.0474872868680825)}, 'eta0': 0.001, 'learning_rate': 'optimal', 'loss': 'hinge', 'max_iter': 2000, 'n_iter_no_change': 5, 'penalty': 'l2', 'tol': 0.0001, 'validation_fraction': 0.2} ===
2026-08-12 23:00:07,444 | INFO | Model 21| f1=0.9856 recall=0.9850 loss_train=0.0058 loss_test=0.0143
2026-08-12 23:00:07,445 | INFO | Model 21 | training finished | total_elapsed=0.62s
2026-08-12 23:00:07,445 | INFO | === New model #22 params={'alpha': 1e-05, 'class_weight': {np.int64(0): np.float64(0.570472416046546), np.int64(1): np.float64(4.0474872868680825)}, 'eta0': 0.001, 'learning_rate': 'optimal', 'loss': 'hinge', 'max_iter': 2000, 'n_iter_no_change': 5, 'penalty': 'l2', 'tol': 1e-05, 'validation_fraction': 0.1} ===
2026-08-12 23:00:08,104 | INFO | Model 22| f1=0.9842 recall=0.9865 loss_train=0.0053 loss_test=0.0145
2026-08-12 23:00:08,104 | INFO | Model 22 | training finished | total_elapsed=0.66s
2026-08-12 23:00:08,105 | INFO | === New model #23 params={'alpha': 1e-05, 'class_weight': {np.int64(0): np.float64(0.570472416046546), np.int64(1): np.float64(4.0474872868680825)}, 'eta0': 0.001, 'learning_rate': 'optimal', 'loss': 'hinge', 'max_iter': 2000, 'n_iter_no_change': 5, 'penalty': 'l2', 'tol': 1e-05, 'validation_fraction': 0.2} ===
2026-08-12 23:00:08,766 | INFO | Model 23| f1=0.9856 recall=0.9850 loss_train=0.0058 loss_test=0.0143
2026-08-12 23:00:08,766 | INFO | Model 23 | training finished | total_elapsed=0.66s
2026-08-12 23:00:08,766 | INFO | === New model #24 params={'alpha': 1e-05, 'class_weight': {np.int64(0): np.float64(0.570472416046546), np.int64(1): np.float64(4.0474872868680825)}, 'eta0': 0.001, 'learning_rate': 'optimal', 'loss': 'hinge', 'max_iter': 2000, 'n_iter_no_change': 10, 'penalty': 'l1', 'tol': 0.0001, 'validation_fraction': 0.1} ===
2026-08-12 23:00:12,681 | INFO | Model 24| f1=0.9710 recall=0.9874 loss_train=0.0167 loss_test=0.0235
2026-08-12 23:00:12,681 | INFO | Model 24 | training finished | total_elapsed=3.92s
2026-08-12 23:00:12,681 | INFO | === New model #25 params={'alpha': 1e-05, 'class_weight': {np.int64(0): np.float64(0.570472416046546), np.int64(1): np.float64(4.0474872868680825)}, 'eta0': 0.001, 'learning_rate': 'optimal', 'loss': 'hinge', 'max_iter': 2000, 'n_iter_no_change': 10, 'penalty': 'l1', 'tol': 0.0001, 'validation_fraction': 0.2} ===
2026-08-12 23:00:18,573 | INFO | Model 25| f1=0.9702 recall=0.9874 loss_train=0.0183 loss_test=0.0239
2026-08-12 23:00:18,574 | INFO | Model 25 | training finished | total_elapsed=5.89s
2026-08-12 23:00:18,574 | INFO | === New model #26 params={'alpha': 1e-05, 'class_weight': {np.int64(0): np.float64(0.570472416046546), np.int64(1): np.float64(4.0474872868680825)}, 'eta0': 0.001, 'learning_rate': 'optimal', 'loss': 'hinge', 'max_iter': 2000, 'n_iter_no_change': 10, 'penalty': 'l1', 'tol': 1e-05, 'validation_fraction': 0.1} ===
2026-08-12 23:00:26,498 | INFO | Model 26| f1=0.9727 recall=0.9868 loss_train=0.0160 loss_test=0.0221
2026-08-12 23:00:26,498 | INFO | Model 26 | training finished | total_elapsed=7.92s
2026-08-12 23:00:26,499 | INFO | === New model #27 params={'alpha': 1e-05, 'class_weight': {np.int64(0): np.float64(0.570472416046546), np.int64(1): np.float64(4.0474872868680825)}, 'eta0': 0.001, 'learning_rate': 'optimal', 'loss': 'hinge', 'max_iter': 2000, 'n_iter_no_change': 10, 'penalty': 'l1', 'tol': 1e-05, 'validation_fraction': 0.2} ===
2026-08-12 23:00:35,191 | INFO | Model 27| f1=0.9707 recall=0.9874 loss_train=0.0181 loss_test=0.0234
2026-08-12 23:00:35,191 | INFO | Model 27 | training finished | total_elapsed=8.69s
2026-08-12 23:00:35,191 | INFO | === New model #28 params={'alpha': 1e-05, 'class_weight': {np.int64(0): np.float64(0.570472416046546), np.int64(1): np.float64(4.0474872868680825)}, 'eta0': 0.001, 'learning_rate': 'optimal', 'loss': 'hinge', 'max_iter': 2000, 'n_iter_no_change': 10, 'penalty': 'l2', 'tol': 0.0001, 'validation_fraction': 0.1} ===
2026-08-12 23:00:36,290 | INFO | Model 28| f1=0.9843 recall=0.9853 loss_train=0.0050 loss_test=0.0158
2026-08-12 23:00:36,290 | INFO | Model 28 | training finished | total_elapsed=1.10s
2026-08-12 23:00:36,291 | INFO | === New model #29 params={'alpha': 1e-05, 'class_weight': {np.int64(0): np.float64(0.570472416046546), np.int64(1): np.float64(4.0474872868680825)}, 'eta0': 0.001, 'learning_rate': 'optimal', 'loss': 'hinge', 'max_iter': 2000, 'n_iter_no_change': 10, 'penalty': 'l2', 'tol': 0.0001, 'validation_fraction': 0.2} ===
2026-08-12 23:00:37,378 | INFO | Model 29| f1=0.9861 recall=0.9865 loss_train=0.0066 loss_test=0.0165
2026-08-12 23:00:37,378 | INFO | Model 29 | training finished | total_elapsed=1.09s
2026-08-12 23:00:37,379 | INFO | === New model #30 params={'alpha': 1e-05, 'class_weight': {np.int64(0): np.float64(0.570472416046546), np.int64(1): np.float64(4.0474872868680825)}, 'eta0': 0.001, 'learning_rate': 'optimal', 'loss': 'hinge', 'max_iter': 2000, 'n_iter_no_change': 10, 'penalty': 'l2', 'tol': 1e-05, 'validation_fraction': 0.1} ===
2026-08-12 23:00:38,534 | INFO | Model 30| f1=0.9843 recall=0.9853 loss_train=0.0050 loss_test=0.0158
2026-08-12 23:00:38,534 | INFO | Model 30 | training finished | total_elapsed=1.16s
2026-08-12 23:00:38,535 | INFO | === New model #31 params={'alpha': 1e-05, 'class_weight': {np.int64(0): np.float64(0.570472416046546), np.int64(1): np.float64(4.0474872868680825)}, 'eta0': 0.001, 'learning_rate': 'optimal', 'loss': 'hinge', 'max_iter': 2000, 'n_iter_no_change': 10, 'penalty': 'l2', 'tol': 1e-05, 'validation_fraction': 0.2} ===
2026-08-12 23:00:39,610 | INFO | Model 31| f1=0.9861 recall=0.9865 loss_train=0.0066 loss_test=0.0165
2026-08-12 23:00:39,610 | INFO | Model 31 | training finished | total_elapsed=1.08s
2026-08-12 23:00:39,610 | INFO | === New model #32 params={'alpha': 1e-05, 'class_weight': {np.int64(0): np.float64(0.570472416046546), np.int64(1): np.float64(4.0474872868680825)}, 'eta0': 0.001, 'learning_rate': 'optimal', 'loss': 'log_loss', 'max_iter': 1000, 'n_iter_no_change': 5, 'penalty': 'l1', 'tol': 0.0001, 'validation_fraction': 0.1} ===
2026-08-12 23:00:41,541 | INFO | Model 32| f1=0.9731 recall=0.9829 loss_train=0.0269 loss_test=0.0301
2026-08-12 23:00:41,541 | INFO | Model 32 | training finished | total_elapsed=1.93s
2026-08-12 23:00:41,541 | INFO | === New model #33 params={'alpha': 1e-05, 'class_weight': {np.int64(0): np.float64(0.570472416046546), np.int64(1): np.float64(4.0474872868680825)}, 'eta0': 0.001, 'learning_rate': 'optimal', 'loss': 'log_loss', 'max_iter': 1000, 'n_iter_no_change': 5, 'penalty': 'l1', 'tol': 0.0001, 'validation_fraction': 0.2} ===
2026-08-12 23:00:43,319 | INFO | Model 33| f1=0.9725 recall=0.9838 loss_train=0.0268 loss_test=0.0295
2026-08-12 23:00:43,320 | INFO | Model 33 | training finished | total_elapsed=1.78s
2026-08-12 23:00:43,320 | INFO | === New model #34 params={'alpha': 1e-05, 'class_weight': {np.int64(0): np.float64(0.570472416046546), np.int64(1): np.float64(4.0474872868680825)}, 'eta0': 0.001, 'learning_rate': 'optimal', 'loss': 'log_loss', 'max_iter': 1000, 'n_iter_no_change': 5, 'penalty': 'l1', 'tol': 1e-05, 'validation_fraction': 0.1} ===
2026-08-12 23:00:45,794 | INFO | Model 34| f1=0.9732 recall=0.9835 loss_train=0.0280 loss_test=0.0312
2026-08-12 23:00:45,795 | INFO | Model 34 | training finished | total_elapsed=2.48s
2026-08-12 23:00:45,795 | INFO | === New model #35 params={'alpha': 1e-05, 'class_weight': {np.int64(0): np.float64(0.570472416046546), np.int64(1): np.float64(4.0474872868680825)}, 'eta0': 0.001, 'learning_rate': 'optimal', 'loss': 'log_loss', 'max_iter': 1000, 'n_iter_no_change': 5, 'penalty': 'l1', 'tol': 1e-05, 'validation_fraction': 0.2} ===
2026-08-12 23:00:47,658 | INFO | Model 35| f1=0.9725 recall=0.9838 loss_train=0.0268 loss_test=0.0295
2026-08-12 23:00:47,658 | INFO | Model 35 | training finished | total_elapsed=1.86s
2026-08-12 23:00:47,659 | INFO | === New model #36 params={'alpha': 1e-05, 'class_weight': {np.int64(0): np.float64(0.570472416046546), np.int64(1): np.float64(4.0474872868680825)}, 'eta0': 0.001, 'learning_rate': 'optimal', 'loss': 'log_loss', 'max_iter': 1000, 'n_iter_no_change': 5, 'penalty': 'l2', 'tol': 0.0001, 'validation_fraction': 0.1} ===
2026-08-12 23:00:48,469 | INFO | Model 36| f1=0.9837 recall=0.9859 loss_train=0.0253 loss_test=0.0300
2026-08-12 23:00:48,469 | INFO | Model 36 | training finished | total_elapsed=0.81s
2026-08-12 23:00:48,469 | INFO | === New model #37 params={'alpha': 1e-05, 'class_weight': {np.int64(0): np.float64(0.570472416046546), np.int64(1): np.float64(4.0474872868680825)}, 'eta0': 0.001, 'learning_rate': 'optimal', 'loss': 'log_loss', 'max_iter': 1000, 'n_iter_no_change': 5, 'penalty': 'l2', 'tol': 0.0001, 'validation_fraction': 0.2} ===
2026-08-12 23:00:49,273 | INFO | Model 37| f1=0.9840 recall=0.9859 loss_train=0.0257 loss_test=0.0299
2026-08-12 23:00:49,273 | INFO | Model 37 | training finished | total_elapsed=0.80s
2026-08-12 23:00:49,274 | INFO | === New model #38 params={'alpha': 1e-05, 'class_weight': {np.int64(0): np.float64(0.570472416046546), np.int64(1): np.float64(4.0474872868680825)}, 'eta0': 0.001, 'learning_rate': 'optimal', 'loss': 'log_loss', 'max_iter': 1000, 'n_iter_no_change': 5, 'penalty': 'l2', 'tol': 1e-05, 'validation_fraction': 0.1} ===
2026-08-12 23:00:50,269 | INFO | Model 38| f1=0.9837 recall=0.9865 loss_train=0.0261 loss_test=0.0308
2026-08-12 23:00:50,269 | INFO | Model 38 | training finished | total_elapsed=1.00s
2026-08-12 23:00:50,269 | INFO | === New model #39 params={'alpha': 1e-05, 'class_weight': {np.int64(0): np.float64(0.570472416046546), np.int64(1): np.float64(4.0474872868680825)}, 'eta0': 0.001, 'learning_rate': 'optimal', 'loss': 'log_loss', 'max_iter': 1000, 'n_iter_no_change': 5, 'penalty': 'l2', 'tol': 1e-05, 'validation_fraction': 0.2} ===
2026-08-12 23:00:51,211 | INFO | Model 39| f1=0.9836 recall=0.9862 loss_train=0.0264 loss_test=0.0306
2026-08-12 23:00:51,211 | INFO | Model 39 | training finished | total_elapsed=0.94s
2026-08-12 23:00:51,211 | INFO | === New model #40 params={'alpha': 1e-05, 'class_weight': {np.int64(0): np.float64(0.570472416046546), np.int64(1): np.float64(4.0474872868680825)}, 'eta0': 0.001, 'learning_rate': 'optimal', 'loss': 'log_loss', 'max_iter': 1000, 'n_iter_no_change': 10, 'penalty': 'l1', 'tol': 0.0001, 'validation_fraction': 0.1} ===
2026-08-12 23:00:54,314 | INFO | Model 40| f1=0.9742 recall=0.9838 loss_train=0.0279 loss_test=0.0308
2026-08-12 23:00:54,315 | INFO | Model 40 | training finished | total_elapsed=3.10s
2026-08-12 23:00:54,315 | INFO | === New model #41 params={'alpha': 1e-05, 'class_weight': {np.int64(0): np.float64(0.570472416046546), np.int64(1): np.float64(4.0474872868680825)}, 'eta0': 0.001, 'learning_rate': 'optimal', 'loss': 'log_loss', 'max_iter': 1000, 'n_iter_no_change': 10, 'penalty': 'l1', 'tol': 0.0001, 'validation_fraction': 0.2} ===
2026-08-12 23:00:57,317 | INFO | Model 41| f1=0.9748 recall=0.9847 loss_train=0.0281 loss_test=0.0304
2026-08-12 23:00:57,318 | INFO | Model 41 | training finished | total_elapsed=3.00s
2026-08-12 23:00:57,318 | INFO | === New model #42 params={'alpha': 1e-05, 'class_weight': {np.int64(0): np.float64(0.570472416046546), np.int64(1): np.float64(4.0474872868680825)}, 'eta0': 0.001, 'learning_rate': 'optimal', 'loss': 'log_loss', 'max_iter': 1000, 'n_iter_no_change': 10, 'penalty': 'l1', 'tol': 1e-05, 'validation_fraction': 0.1} ===
2026-08-12 23:01:01,051 | INFO | Model 42| f1=0.9755 recall=0.9838 loss_train=0.0275 loss_test=0.0304
2026-08-12 23:01:01,051 | INFO | Model 42 | training finished | total_elapsed=3.73s
2026-08-12 23:01:01,052 | INFO | === New model #43 params={'alpha': 1e-05, 'class_weight': {np.int64(0): np.float64(0.570472416046546), np.int64(1): np.float64(4.0474872868680825)}, 'eta0': 0.001, 'learning_rate': 'optimal', 'loss': 'log_loss', 'max_iter': 1000, 'n_iter_no_change': 10, 'penalty': 'l1', 'tol': 1e-05, 'validation_fraction': 0.2} ===
2026-08-12 23:01:04,026 | INFO | Model 43| f1=0.9748 recall=0.9847 loss_train=0.0281 loss_test=0.0304
2026-08-12 23:01:04,026 | INFO | Model 43 | training finished | total_elapsed=2.98s
2026-08-12 23:01:04,027 | INFO | === New model #44 params={'alpha': 1e-05, 'class_weight': {np.int64(0): np.float64(0.570472416046546), np.int64(1): np.float64(4.0474872868680825)}, 'eta0': 0.001, 'learning_rate': 'optimal', 'loss': 'log_loss', 'max_iter': 1000, 'n_iter_no_change': 10, 'penalty': 'l2', 'tol': 0.0001, 'validation_fraction': 0.1} ===
2026-08-12 23:01:05,425 | INFO | Model 44| f1=0.9829 recall=0.9862 loss_train=0.0264 loss_test=0.0310
2026-08-12 23:01:05,425 | INFO | Model 44 | training finished | total_elapsed=1.40s
2026-08-12 23:01:05,426 | INFO | === New model #45 params={'alpha': 1e-05, 'class_weight': {np.int64(0): np.float64(0.570472416046546), np.int64(1): np.float64(4.0474872868680825)}, 'eta0': 0.001, 'learning_rate': 'optimal', 'loss': 'log_loss', 'max_iter': 1000, 'n_iter_no_change': 10, 'penalty': 'l2', 'tol': 0.0001, 'validation_fraction': 0.2} ===
2026-08-12 23:01:06,768 | INFO | Model 45| f1=0.9836 recall=0.9859 loss_train=0.0262 loss_test=0.0304
2026-08-12 23:01:06,768 | INFO | Model 45 | training finished | total_elapsed=1.34s
2026-08-12 23:01:06,769 | INFO | === New model #46 params={'alpha': 1e-05, 'class_weight': {np.int64(0): np.float64(0.570472416046546), np.int64(1): np.float64(4.0474872868680825)}, 'eta0': 0.001, 'learning_rate': 'optimal', 'loss': 'log_loss', 'max_iter': 1000, 'n_iter_no_change': 10, 'penalty': 'l2', 'tol': 1e-05, 'validation_fraction': 0.1} ===
2026-08-12 23:01:08,173 | INFO | Model 46| f1=0.9836 recall=0.9853 loss_train=0.0247 loss_test=0.0293
2026-08-12 23:01:08,174 | INFO | Model 46 | training finished | total_elapsed=1.41s
2026-08-12 23:01:08,174 | INFO | === New model #47 params={'alpha': 1e-05, 'class_weight': {np.int64(0): np.float64(0.570472416046546), np.int64(1): np.float64(4.0474872868680825)}, 'eta0': 0.001, 'learning_rate': 'optimal', 'loss': 'log_loss', 'max_iter': 1000, 'n_iter_no_change': 10, 'penalty': 'l2', 'tol': 1e-05, 'validation_fraction': 0.2} ===
2026-08-12 23:01:09,598 | INFO | Model 47| f1=0.9848 recall=0.9859 loss_train=0.0249 loss_test=0.0290
2026-08-12 23:01:09,598 | INFO | Model 47 | training finished | total_elapsed=1.42s
2026-08-12 23:01:09,599 | INFO | === New model #48 params={'alpha': 1e-05, 'class_weight': {np.int64(0): np.float64(0.570472416046546), np.int64(1): np.float64(4.0474872868680825)}, 'eta0': 0.001, 'learning_rate': 'optimal', 'loss': 'log_loss', 'max_iter': 2000, 'n_iter_no_change': 5, 'penalty': 'l1', 'tol': 0.0001, 'validation_fraction': 0.1} ===
2026-08-12 23:01:11,538 | INFO | Model 48| f1=0.9731 recall=0.9829 loss_train=0.0269 loss_test=0.0301
2026-08-12 23:01:11,538 | INFO | Model 48 | training finished | total_elapsed=1.94s
2026-08-12 23:01:11,539 | INFO | === New model #49 params={'alpha': 1e-05, 'class_weight': {np.int64(0): np.float64(0.570472416046546), np.int64(1): np.float64(4.0474872868680825)}, 'eta0': 0.001, 'learning_rate': 'optimal', 'loss': 'log_loss', 'max_iter': 2000, 'n_iter_no_change': 5, 'penalty': 'l1', 'tol': 0.0001, 'validation_fraction': 0.2} ===
2026-08-12 23:01:13,303 | INFO | Model 49| f1=0.9725 recall=0.9838 loss_train=0.0268 loss_test=0.0295
2026-08-12 23:01:13,304 | INFO | Model 49 | training finished | total_elapsed=1.77s
2026-08-12 23:01:13,304 | INFO | === New model #50 params={'alpha': 1e-05, 'class_weight': {np.int64(0): np.float64(0.570472416046546), np.int64(1): np.float64(4.0474872868680825)}, 'eta0': 0.001, 'learning_rate': 'optimal', 'loss': 'log_loss', 'max_iter': 2000, 'n_iter_no_change': 5, 'penalty': 'l1', 'tol': 1e-05, 'validation_fraction': 0.1} ===
2026-08-12 23:01:15,681 | INFO | Model 50| f1=0.9732 recall=0.9835 loss_train=0.0280 loss_test=0.0312
2026-08-12 23:01:15,681 | INFO | Model 50 | training finished | total_elapsed=2.38s
2026-08-12 23:01:15,682 | INFO | === New model #51 params={'alpha': 1e-05, 'class_weight': {np.int64(0): np.float64(0.570472416046546), np.int64(1): np.float64(4.0474872868680825)}, 'eta0': 0.001, 'learning_rate': 'optimal', 'loss': 'log_loss', 'max_iter': 2000, 'n_iter_no_change': 5, 'penalty': 'l1', 'tol': 1e-05, 'validation_fraction': 0.2} ===
2026-08-12 23:01:17,495 | INFO | Model 51| f1=0.9725 recall=0.9838 loss_train=0.0268 loss_test=0.0295
2026-08-12 23:01:17,495 | INFO | Model 51 | training finished | total_elapsed=1.81s
2026-08-12 23:01:17,496 | INFO | === New model #52 params={'alpha': 1e-05, 'class_weight': {np.int64(0): np.float64(0.570472416046546), np.int64(1): np.float64(4.0474872868680825)}, 'eta0': 0.001, 'learning_rate': 'optimal', 'loss': 'log_loss', 'max_iter': 2000, 'n_iter_no_change': 5, 'penalty': 'l2', 'tol': 0.0001, 'validation_fraction': 0.1} ===
2026-08-12 23:01:18,311 | INFO | Model 52| f1=0.9837 recall=0.9859 loss_train=0.0253 loss_test=0.0300
2026-08-12 23:01:18,311 | INFO | Model 52 | training finished | total_elapsed=0.82s
2026-08-12 23:01:18,312 | INFO | === New model #53 params={'alpha': 1e-05, 'class_weight': {np.int64(0): np.float64(0.570472416046546), np.int64(1): np.float64(4.0474872868680825)}, 'eta0': 0.001, 'learning_rate': 'optimal', 'loss': 'log_loss', 'max_iter': 2000, 'n_iter_no_change': 5, 'penalty': 'l2', 'tol': 0.0001, 'validation_fraction': 0.2} ===
2026-08-12 23:01:19,172 | INFO | Model 53| f1=0.9840 recall=0.9859 loss_train=0.0257 loss_test=0.0299
2026-08-12 23:01:19,172 | INFO | Model 53 | training finished | total_elapsed=0.86s
2026-08-12 23:01:19,172 | INFO | === New model #54 params={'alpha': 1e-05, 'class_weight': {np.int64(0): np.float64(0.570472416046546), np.int64(1): np.float64(4.0474872868680825)}, 'eta0': 0.001, 'learning_rate': 'optimal', 'loss': 'log_loss', 'max_iter': 2000, 'n_iter_no_change': 5, 'penalty': 'l2', 'tol': 1e-05, 'validation_fraction': 0.1} ===
2026-08-12 23:01:20,084 | INFO | Model 54| f1=0.9837 recall=0.9865 loss_train=0.0261 loss_test=0.0308
2026-08-12 23:01:20,084 | INFO | Model 54 | training finished | total_elapsed=0.91s
2026-08-12 23:01:20,085 | INFO | === New model #55 params={'alpha': 1e-05, 'class_weight': {np.int64(0): np.float64(0.570472416046546), np.int64(1): np.float64(4.0474872868680825)}, 'eta0': 0.001, 'learning_rate': 'optimal', 'loss': 'log_loss', 'max_iter': 2000, 'n_iter_no_change': 5, 'penalty': 'l2', 'tol': 1e-05, 'validation_fraction': 0.2} ===
2026-08-12 23:01:20,999 | INFO | Model 55| f1=0.9836 recall=0.9862 loss_train=0.0264 loss_test=0.0306
2026-08-12 23:01:20,999 | INFO | Model 55 | training finished | total_elapsed=0.92s
2026-08-12 23:01:21,000 | INFO | === New model #56 params={'alpha': 1e-05, 'class_weight': {np.int64(0): np.float64(0.570472416046546), np.int64(1): np.float64(4.0474872868680825)}, 'eta0': 0.001, 'learning_rate': 'optimal', 'loss': 'log_loss', 'max_iter': 2000, 'n_iter_no_change': 10, 'penalty': 'l1', 'tol': 0.0001, 'validation_fraction': 0.1} ===
2026-08-12 23:01:24,184 | INFO | Model 56| f1=0.9742 recall=0.9838 loss_train=0.0279 loss_test=0.0308
2026-08-12 23:01:24,184 | INFO | Model 56 | training finished | total_elapsed=3.18s
2026-08-12 23:01:24,184 | INFO | === New model #57 params={'alpha': 1e-05, 'class_weight': {np.int64(0): np.float64(0.570472416046546), np.int64(1): np.float64(4.0474872868680825)}, 'eta0': 0.001, 'learning_rate': 'optimal', 'loss': 'log_loss', 'max_iter': 2000, 'n_iter_no_change': 10, 'penalty': 'l1', 'tol': 0.0001, 'validation_fraction': 0.2} ===
2026-08-12 23:01:27,191 | INFO | Model 57| f1=0.9748 recall=0.9847 loss_train=0.0281 loss_test=0.0304
2026-08-12 23:01:27,192 | INFO | Model 57 | training finished | total_elapsed=3.01s
2026-08-12 23:01:27,192 | INFO | === New model #58 params={'alpha': 1e-05, 'class_weight': {np.int64(0): np.float64(0.570472416046546), np.int64(1): np.float64(4.0474872868680825)}, 'eta0': 0.001, 'learning_rate': 'optimal', 'loss': 'log_loss', 'max_iter': 2000, 'n_iter_no_change': 10, 'penalty': 'l1', 'tol': 1e-05, 'validation_fraction': 0.1} ===
2026-08-12 23:01:30,774 | INFO | Model 58| f1=0.9755 recall=0.9838 loss_train=0.0275 loss_test=0.0304
2026-08-12 23:01:30,774 | INFO | Model 58 | training finished | total_elapsed=3.58s
2026-08-12 23:01:30,774 | INFO | === New model #59 params={'alpha': 1e-05, 'class_weight': {np.int64(0): np.float64(0.570472416046546), np.int64(1): np.float64(4.0474872868680825)}, 'eta0': 0.001, 'learning_rate': 'optimal', 'loss': 'log_loss', 'max_iter': 2000, 'n_iter_no_change': 10, 'penalty': 'l1', 'tol': 1e-05, 'validation_fraction': 0.2} ===
2026-08-12 23:01:33,816 | INFO | Model 59| f1=0.9748 recall=0.9847 loss_train=0.0281 loss_test=0.0304
2026-08-12 23:01:33,816 | INFO | Model 59 | training finished | total_elapsed=3.04s
2026-08-12 23:01:33,817 | INFO | === New model #60 params={'alpha': 1e-05, 'class_weight': {np.int64(0): np.float64(0.570472416046546), np.int64(1): np.float64(4.0474872868680825)}, 'eta0': 0.001, 'learning_rate': 'optimal', 'loss': 'log_loss', 'max_iter': 2000, 'n_iter_no_change': 10, 'penalty': 'l2', 'tol': 0.0001, 'validation_fraction': 0.1} ===
2026-08-12 23:01:35,106 | INFO | Model 60| f1=0.9829 recall=0.9862 loss_train=0.0264 loss_test=0.0310
2026-08-12 23:01:35,106 | INFO | Model 60 | training finished | total_elapsed=1.29s
2026-08-12 23:01:35,107 | INFO | === New model #61 params={'alpha': 1e-05, 'class_weight': {np.int64(0): np.float64(0.570472416046546), np.int64(1): np.float64(4.0474872868680825)}, 'eta0': 0.001, 'learning_rate': 'optimal', 'loss': 'log_loss', 'max_iter': 2000, 'n_iter_no_change': 10, 'penalty': 'l2', 'tol': 0.0001, 'validation_fraction': 0.2} ===
2026-08-12 23:01:36,389 | INFO | Model 61| f1=0.9836 recall=0.9859 loss_train=0.0262 loss_test=0.0304
2026-08-12 23:01:36,389 | INFO | Model 61 | training finished | total_elapsed=1.28s
2026-08-12 23:01:36,390 | INFO | === New model #62 params={'alpha': 1e-05, 'class_weight': {np.int64(0): np.float64(0.570472416046546), np.int64(1): np.float64(4.0474872868680825)}, 'eta0': 0.001, 'learning_rate': 'optimal', 'loss': 'log_loss', 'max_iter': 2000, 'n_iter_no_change': 10, 'penalty': 'l2', 'tol': 1e-05, 'validation_fraction': 0.1} ===
2026-08-12 23:01:37,869 | INFO | Model 62| f1=0.9836 recall=0.9853 loss_train=0.0247 loss_test=0.0293
2026-08-12 23:01:37,869 | INFO | Model 62 | training finished | total_elapsed=1.48s
2026-08-12 23:01:37,870 | INFO | === New model #63 params={'alpha': 1e-05, 'class_weight': {np.int64(0): np.float64(0.570472416046546), np.int64(1): np.float64(4.0474872868680825)}, 'eta0': 0.001, 'learning_rate': 'optimal', 'loss': 'log_loss', 'max_iter': 2000, 'n_iter_no_change': 10, 'penalty': 'l2', 'tol': 1e-05, 'validation_fraction': 0.2} ===
2026-08-12 23:01:39,307 | INFO | Model 63| f1=0.9848 recall=0.9859 loss_train=0.0249 loss_test=0.0290
2026-08-12 23:01:39,308 | INFO | Model 63 | training finished | total_elapsed=1.44s
2026-08-12 23:01:39,308 | INFO | === New model #64 params={'alpha': 1e-05, 'class_weight': {np.int64(0): np.float64(0.570472416046546), np.int64(1): np.float64(4.0474872868680825)}, 'eta0': 0.0001, 'learning_rate': 'optimal', 'loss': 'hinge', 'max_iter': 1000, 'n_iter_no_change': 5, 'penalty': 'l1', 'tol': 0.0001, 'validation_fraction': 0.1} ===
2026-08-12 23:01:42,869 | INFO | Model 64| f1=0.9700 recall=0.9874 loss_train=0.0170 loss_test=0.0243
2026-08-12 23:01:42,869 | INFO | Model 64 | training finished | total_elapsed=3.56s
2026-08-12 23:01:42,869 | INFO | === New model #65 params={'alpha': 1e-05, 'class_weight': {np.int64(0): np.float64(0.570472416046546), np.int64(1): np.float64(4.0474872868680825)}, 'eta0': 0.0001, 'learning_rate': 'optimal', 'loss': 'hinge', 'max_iter': 1000, 'n_iter_no_change': 5, 'penalty': 'l1', 'tol': 0.0001, 'validation_fraction': 0.2} ===
2026-08-12 23:01:45,210 | INFO | Model 65| f1=0.9621 recall=0.9883 loss_train=0.0226 loss_test=0.0302
2026-08-12 23:01:45,210 | INFO | Model 65 | training finished | total_elapsed=2.34s
2026-08-12 23:01:45,211 | INFO | === New model #66 params={'alpha': 1e-05, 'class_weight': {np.int64(0): np.float64(0.570472416046546), np.int64(1): np.float64(4.0474872868680825)}, 'eta0': 0.0001, 'learning_rate': 'optimal', 'loss': 'hinge', 'max_iter': 1000, 'n_iter_no_change': 5, 'penalty': 'l1', 'tol': 1e-05, 'validation_fraction': 0.1} ===
2026-08-12 23:01:49,689 | INFO | Model 66| f1=0.9710 recall=0.9874 loss_train=0.0167 loss_test=0.0235
2026-08-12 23:01:49,689 | INFO | Model 66 | training finished | total_elapsed=4.48s
2026-08-12 23:01:49,689 | INFO | === New model #67 params={'alpha': 1e-05, 'class_weight': {np.int64(0): np.float64(0.570472416046546), np.int64(1): np.float64(4.0474872868680825)}, 'eta0': 0.0001, 'learning_rate': 'optimal', 'loss': 'hinge', 'max_iter': 1000, 'n_iter_no_change': 5, 'penalty': 'l1', 'tol': 1e-05, 'validation_fraction': 0.2} ===
2026-08-12 23:01:52,099 | INFO | Model 67| f1=0.9621 recall=0.9883 loss_train=0.0226 loss_test=0.0302
2026-08-12 23:01:52,099 | INFO | Model 67 | training finished | total_elapsed=2.41s
2026-08-12 23:01:52,100 | INFO | === New model #68 params={'alpha': 1e-05, 'class_weight': {np.int64(0): np.float64(0.570472416046546), np.int64(1): np.float64(4.0474872868680825)}, 'eta0': 0.0001, 'learning_rate': 'optimal', 'loss': 'hinge', 'max_iter': 1000, 'n_iter_no_change': 5, 'penalty': 'l2', 'tol': 0.0001, 'validation_fraction': 0.1} ===
2026-08-12 23:01:52,810 | INFO | Model 68| f1=0.9842 recall=0.9865 loss_train=0.0053 loss_test=0.0145
2026-08-12 23:01:52,810 | INFO | Model 68 | training finished | total_elapsed=0.71s
2026-08-12 23:01:52,811 | INFO | === New model #69 params={'alpha': 1e-05, 'class_weight': {np.int64(0): np.float64(0.570472416046546), np.int64(1): np.float64(4.0474872868680825)}, 'eta0': 0.0001, 'learning_rate': 'optimal', 'loss': 'hinge', 'max_iter': 1000, 'n_iter_no_change': 5, 'penalty': 'l2', 'tol': 0.0001, 'validation_fraction': 0.2} ===
2026-08-12 23:01:53,502 | INFO | Model 69| f1=0.9856 recall=0.9850 loss_train=0.0058 loss_test=0.0143
2026-08-12 23:01:53,502 | INFO | Model 69 | training finished | total_elapsed=0.69s
2026-08-12 23:01:53,503 | INFO | === New model #70 params={'alpha': 1e-05, 'class_weight': {np.int64(0): np.float64(0.570472416046546), np.int64(1): np.float64(4.0474872868680825)}, 'eta0': 0.0001, 'learning_rate': 'optimal', 'loss': 'hinge', 'max_iter': 1000, 'n_iter_no_change': 5, 'penalty': 'l2', 'tol': 1e-05, 'validation_fraction': 0.1} ===
2026-08-12 23:01:54,189 | INFO | Model 70| f1=0.9842 recall=0.9865 loss_train=0.0053 loss_test=0.0145
2026-08-12 23:01:54,189 | INFO | Model 70 | training finished | total_elapsed=0.69s
2026-08-12 23:01:54,189 | INFO | === New model #71 params={'alpha': 1e-05, 'class_weight': {np.int64(0): np.float64(0.570472416046546), np.int64(1): np.float64(4.0474872868680825)}, 'eta0': 0.0001, 'learning_rate': 'optimal', 'loss': 'hinge', 'max_iter': 1000, 'n_iter_no_change': 5, 'penalty': 'l2', 'tol': 1e-05, 'validation_fraction': 0.2} ===
2026-08-12 23:01:54,875 | INFO | Model 71| f1=0.9856 recall=0.9850 loss_train=0.0058 loss_test=0.0143
2026-08-12 23:01:54,875 | INFO | Model 71 | training finished | total_elapsed=0.69s
2026-08-12 23:01:54,875 | INFO | === New model #72 params={'alpha': 1e-05, 'class_weight': {np.int64(0): np.float64(0.570472416046546), np.int64(1): np.float64(4.0474872868680825)}, 'eta0': 0.0001, 'learning_rate': 'optimal', 'loss': 'hinge', 'max_iter': 1000, 'n_iter_no_change': 10, 'penalty': 'l1', 'tol': 0.0001, 'validation_fraction': 0.1} ===
2026-08-12 23:01:59,388 | INFO | Model 72| f1=0.9710 recall=0.9874 loss_train=0.0167 loss_test=0.0235
2026-08-12 23:01:59,388 | INFO | Model 72 | training finished | total_elapsed=4.51s
2026-08-12 23:01:59,389 | INFO | === New model #73 params={'alpha': 1e-05, 'class_weight': {np.int64(0): np.float64(0.570472416046546), np.int64(1): np.float64(4.0474872868680825)}, 'eta0': 0.0001, 'learning_rate': 'optimal', 'loss': 'hinge', 'max_iter': 1000, 'n_iter_no_change': 10, 'penalty': 'l1', 'tol': 0.0001, 'validation_fraction': 0.2} ===
2026-08-12 23:02:06,074 | INFO | Model 73| f1=0.9702 recall=0.9874 loss_train=0.0183 loss_test=0.0239
2026-08-12 23:02:06,074 | INFO | Model 73 | training finished | total_elapsed=6.69s
2026-08-12 23:02:06,074 | INFO | === New model #74 params={'alpha': 1e-05, 'class_weight': {np.int64(0): np.float64(0.570472416046546), np.int64(1): np.float64(4.0474872868680825)}, 'eta0': 0.0001, 'learning_rate': 'optimal', 'loss': 'hinge', 'max_iter': 1000, 'n_iter_no_change': 10, 'penalty': 'l1', 'tol': 1e-05, 'validation_fraction': 0.1} ===
2026-08-12 23:02:13,964 | INFO | Model 74| f1=0.9727 recall=0.9868 loss_train=0.0160 loss_test=0.0221
2026-08-12 23:02:13,965 | INFO | Model 74 | training finished | total_elapsed=7.89s
2026-08-12 23:02:13,965 | INFO | === New model #75 params={'alpha': 1e-05, 'class_weight': {np.int64(0): np.float64(0.570472416046546), np.int64(1): np.float64(4.0474872868680825)}, 'eta0': 0.0001, 'learning_rate': 'optimal', 'loss': 'hinge', 'max_iter': 1000, 'n_iter_no_change': 10, 'penalty': 'l1', 'tol': 1e-05, 'validation_fraction': 0.2} ===
2026-08-12 23:02:21,727 | INFO | Model 75| f1=0.9707 recall=0.9874 loss_train=0.0181 loss_test=0.0234
2026-08-12 23:02:21,727 | INFO | Model 75 | training finished | total_elapsed=7.76s
2026-08-12 23:02:21,728 | INFO | === New model #76 params={'alpha': 1e-05, 'class_weight': {np.int64(0): np.float64(0.570472416046546), np.int64(1): np.float64(4.0474872868680825)}, 'eta0': 0.0001, 'learning_rate': 'optimal', 'loss': 'hinge', 'max_iter': 1000, 'n_iter_no_change': 10, 'penalty': 'l2', 'tol': 0.0001, 'validation_fraction': 0.1} ===
2026-08-12 23:02:22,686 | INFO | Model 76| f1=0.9843 recall=0.9853 loss_train=0.0050 loss_test=0.0158
2026-08-12 23:02:22,686 | INFO | Model 76 | training finished | total_elapsed=0.96s
2026-08-12 23:02:22,687 | INFO | === New model #77 params={'alpha': 1e-05, 'class_weight': {np.int64(0): np.float64(0.570472416046546), np.int64(1): np.float64(4.0474872868680825)}, 'eta0': 0.0001, 'learning_rate': 'optimal', 'loss': 'hinge', 'max_iter': 1000, 'n_iter_no_change': 10, 'penalty': 'l2', 'tol': 0.0001, 'validation_fraction': 0.2} ===
2026-08-12 23:02:23,621 | INFO | Model 77| f1=0.9861 recall=0.9865 loss_train=0.0066 loss_test=0.0165
2026-08-12 23:02:23,621 | INFO | Model 77 | training finished | total_elapsed=0.94s
2026-08-12 23:02:23,622 | INFO | === New model #78 params={'alpha': 1e-05, 'class_weight': {np.int64(0): np.float64(0.570472416046546), np.int64(1): np.float64(4.0474872868680825)}, 'eta0': 0.0001, 'learning_rate': 'optimal', 'loss': 'hinge', 'max_iter': 1000, 'n_iter_no_change': 10, 'penalty': 'l2', 'tol': 1e-05, 'validation_fraction': 0.1} ===
2026-08-12 23:02:24,623 | INFO | Model 78| f1=0.9843 recall=0.9853 loss_train=0.0050 loss_test=0.0158
2026-08-12 23:02:24,623 | INFO | Model 78 | training finished | total_elapsed=1.00s
2026-08-12 23:02:24,624 | INFO | === New model #79 params={'alpha': 1e-05, 'class_weight': {np.int64(0): np.float64(0.570472416046546), np.int64(1): np.float64(4.0474872868680825)}, 'eta0': 0.0001, 'learning_rate': 'optimal', 'loss': 'hinge', 'max_iter': 1000, 'n_iter_no_change': 10, 'penalty': 'l2', 'tol': 1e-05, 'validation_fraction': 0.2} ===
2026-08-12 23:02:25,639 | INFO | Model 79| f1=0.9861 recall=0.9865 loss_train=0.0066 loss_test=0.0165
2026-08-12 23:02:25,639 | INFO | Model 79 | training finished | total_elapsed=1.02s
2026-08-12 23:02:25,640 | INFO | === New model #80 params={'alpha': 1e-05, 'class_weight': {np.int64(0): np.float64(0.570472416046546), np.int64(1): np.float64(4.0474872868680825)}, 'eta0': 0.0001, 'learning_rate': 'optimal', 'loss': 'hinge', 'max_iter': 2000, 'n_iter_no_change': 5, 'penalty': 'l1', 'tol': 0.0001, 'validation_fraction': 0.1} ===
2026-08-12 23:02:29,418 | INFO | Model 80| f1=0.9700 recall=0.9874 loss_train=0.0170 loss_test=0.0243
2026-08-12 23:02:29,418 | INFO | Model 80 | training finished | total_elapsed=3.78s
2026-08-12 23:02:29,418 | INFO | === New model #81 params={'alpha': 1e-05, 'class_weight': {np.int64(0): np.float64(0.570472416046546), np.int64(1): np.float64(4.0474872868680825)}, 'eta0': 0.0001, 'learning_rate': 'optimal', 'loss': 'hinge', 'max_iter': 2000, 'n_iter_no_change': 5, 'penalty': 'l1', 'tol': 0.0001, 'validation_fraction': 0.2} ===
2026-08-12 23:02:31,733 | INFO | Model 81| f1=0.9621 recall=0.9883 loss_train=0.0226 loss_test=0.0302
2026-08-12 23:02:31,734 | INFO | Model 81 | training finished | total_elapsed=2.32s
2026-08-12 23:02:31,734 | INFO | === New model #82 params={'alpha': 1e-05, 'class_weight': {np.int64(0): np.float64(0.570472416046546), np.int64(1): np.float64(4.0474872868680825)}, 'eta0': 0.0001, 'learning_rate': 'optimal', 'loss': 'hinge', 'max_iter': 2000, 'n_iter_no_change': 5, 'penalty': 'l1', 'tol': 1e-05, 'validation_fraction': 0.1} ===
2026-08-12 23:02:36,001 | INFO | Model 82| f1=0.9710 recall=0.9874 loss_train=0.0167 loss_test=0.0235
2026-08-12 23:02:36,002 | INFO | Model 82 | training finished | total_elapsed=4.27s
2026-08-12 23:02:36,002 | INFO | === New model #83 params={'alpha': 1e-05, 'class_weight': {np.int64(0): np.float64(0.570472416046546), np.int64(1): np.float64(4.0474872868680825)}, 'eta0': 0.0001, 'learning_rate': 'optimal', 'loss': 'hinge', 'max_iter': 2000, 'n_iter_no_change': 5, 'penalty': 'l1', 'tol': 1e-05, 'validation_fraction': 0.2} ===
2026-08-12 23:02:38,204 | INFO | Model 83| f1=0.9621 recall=0.9883 loss_train=0.0226 loss_test=0.0302
2026-08-12 23:02:38,204 | INFO | Model 83 | training finished | total_elapsed=2.20s
2026-08-12 23:02:38,205 | INFO | === New model #84 params={'alpha': 1e-05, 'class_weight': {np.int64(0): np.float64(0.570472416046546), np.int64(1): np.float64(4.0474872868680825)}, 'eta0': 0.0001, 'learning_rate': 'optimal', 'loss': 'hinge', 'max_iter': 2000, 'n_iter_no_change': 5, 'penalty': 'l2', 'tol': 0.0001, 'validation_fraction': 0.1} ===
2026-08-12 23:02:38,848 | INFO | Model 84| f1=0.9842 recall=0.9865 loss_train=0.0053 loss_test=0.0145
2026-08-12 23:02:38,848 | INFO | Model 84 | training finished | total_elapsed=0.64s
2026-08-12 23:02:38,849 | INFO | === New model #85 params={'alpha': 1e-05, 'class_weight': {np.int64(0): np.float64(0.570472416046546), np.int64(1): np.float64(4.0474872868680825)}, 'eta0': 0.0001, 'learning_rate': 'optimal', 'loss': 'hinge', 'max_iter': 2000, 'n_iter_no_change': 5, 'penalty': 'l2', 'tol': 0.0001, 'validation_fraction': 0.2} ===
2026-08-12 23:02:39,492 | INFO | Model 85| f1=0.9856 recall=0.9850 loss_train=0.0058 loss_test=0.0143
2026-08-12 23:02:39,492 | INFO | Model 85 | training finished | total_elapsed=0.64s
2026-08-12 23:02:39,492 | INFO | === New model #86 params={'alpha': 1e-05, 'class_weight': {np.int64(0): np.float64(0.570472416046546), np.int64(1): np.float64(4.0474872868680825)}, 'eta0': 0.0001, 'learning_rate': 'optimal', 'loss': 'hinge', 'max_iter': 2000, 'n_iter_no_change': 5, 'penalty': 'l2', 'tol': 1e-05, 'validation_fraction': 0.1} ===
2026-08-12 23:02:40,126 | INFO | Model 86| f1=0.9842 recall=0.9865 loss_train=0.0053 loss_test=0.0145
2026-08-12 23:02:40,127 | INFO | Model 86 | training finished | total_elapsed=0.63s
2026-08-12 23:02:40,127 | INFO | === New model #87 params={'alpha': 1e-05, 'class_weight': {np.int64(0): np.float64(0.570472416046546), np.int64(1): np.float64(4.0474872868680825)}, 'eta0': 0.0001, 'learning_rate': 'optimal', 'loss': 'hinge', 'max_iter': 2000, 'n_iter_no_change': 5, 'penalty': 'l2', 'tol': 1e-05, 'validation_fraction': 0.2} ===
2026-08-12 23:02:40,789 | INFO | Model 87| f1=0.9856 recall=0.9850 loss_train=0.0058 loss_test=0.0143
2026-08-12 23:02:40,789 | INFO | Model 87 | training finished | total_elapsed=0.66s
2026-08-12 23:02:40,790 | INFO | === New model #88 params={'alpha': 1e-05, 'class_weight': {np.int64(0): np.float64(0.570472416046546), np.int64(1): np.float64(4.0474872868680825)}, 'eta0': 0.0001, 'learning_rate': 'optimal', 'loss': 'hinge', 'max_iter': 2000, 'n_iter_no_change': 10, 'penalty': 'l1', 'tol': 0.0001, 'validation_fraction': 0.1} ===
2026-08-12 23:02:44,897 | INFO | Model 88| f1=0.9710 recall=0.9874 loss_train=0.0167 loss_test=0.0235
2026-08-12 23:02:44,898 | INFO | Model 88 | training finished | total_elapsed=4.11s
2026-08-12 23:02:44,898 | INFO | === New model #89 params={'alpha': 1e-05, 'class_weight': {np.int64(0): np.float64(0.570472416046546), np.int64(1): np.float64(4.0474872868680825)}, 'eta0': 0.0001, 'learning_rate': 'optimal', 'loss': 'hinge', 'max_iter': 2000, 'n_iter_no_change': 10, 'penalty': 'l1', 'tol': 0.0001, 'validation_fraction': 0.2} ===
2026-08-12 23:02:50,799 | INFO | Model 89| f1=0.9702 recall=0.9874 loss_train=0.0183 loss_test=0.0239
2026-08-12 23:02:50,799 | INFO | Model 89 | training finished | total_elapsed=5.90s
2026-08-12 23:02:50,800 | INFO | === New model #90 params={'alpha': 1e-05, 'class_weight': {np.int64(0): np.float64(0.570472416046546), np.int64(1): np.float64(4.0474872868680825)}, 'eta0': 0.0001, 'learning_rate': 'optimal', 'loss': 'hinge', 'max_iter': 2000, 'n_iter_no_change': 10, 'penalty': 'l1', 'tol': 1e-05, 'validation_fraction': 0.1} ===
2026-08-12 23:02:58,650 | INFO | Model 90| f1=0.9727 recall=0.9868 loss_train=0.0160 loss_test=0.0221
2026-08-12 23:02:58,650 | INFO | Model 90 | training finished | total_elapsed=7.85s
2026-08-12 23:02:58,651 | INFO | === New model #91 params={'alpha': 1e-05, 'class_weight': {np.int64(0): np.float64(0.570472416046546), np.int64(1): np.float64(4.0474872868680825)}, 'eta0': 0.0001, 'learning_rate': 'optimal', 'loss': 'hinge', 'max_iter': 2000, 'n_iter_no_change': 10, 'penalty': 'l1', 'tol': 1e-05, 'validation_fraction': 0.2} ===
2026-08-12 23:03:07,438 | INFO | Model 91| f1=0.9707 recall=0.9874 loss_train=0.0181 loss_test=0.0234
2026-08-12 23:03:07,438 | INFO | Model 91 | training finished | total_elapsed=8.79s
2026-08-12 23:03:07,438 | INFO | === New model #92 params={'alpha': 1e-05, 'class_weight': {np.int64(0): np.float64(0.570472416046546), np.int64(1): np.float64(4.0474872868680825)}, 'eta0': 0.0001, 'learning_rate': 'optimal', 'loss': 'hinge', 'max_iter': 2000, 'n_iter_no_change': 10, 'penalty': 'l2', 'tol': 0.0001, 'validation_fraction': 0.1} ===
2026-08-12 23:03:08,617 | INFO | Model 92| f1=0.9843 recall=0.9853 loss_train=0.0050 loss_test=0.0158
2026-08-12 23:03:08,617 | INFO | Model 92 | training finished | total_elapsed=1.18s
2026-08-12 23:03:08,618 | INFO | === New model #93 params={'alpha': 1e-05, 'class_weight': {np.int64(0): np.float64(0.570472416046546), np.int64(1): np.float64(4.0474872868680825)}, 'eta0': 0.0001, 'learning_rate': 'optimal', 'loss': 'hinge', 'max_iter': 2000, 'n_iter_no_change': 10, 'penalty': 'l2', 'tol': 0.0001, 'validation_fraction': 0.2} ===
2026-08-12 23:03:09,648 | INFO | Model 93| f1=0.9861 recall=0.9865 loss_train=0.0066 loss_test=0.0165
2026-08-12 23:03:09,648 | INFO | Model 93 | training finished | total_elapsed=1.03s
2026-08-12 23:03:09,649 | INFO | === New model #94 params={'alpha': 1e-05, 'class_weight': {np.int64(0): np.float64(0.570472416046546), np.int64(1): np.float64(4.0474872868680825)}, 'eta0': 0.0001, 'learning_rate': 'optimal', 'loss': 'hinge', 'max_iter': 2000, 'n_iter_no_change': 10, 'penalty': 'l2', 'tol': 1e-05, 'validation_fraction': 0.1} ===
2026-08-12 23:03:10,869 | INFO | Model 94| f1=0.9843 recall=0.9853 loss_train=0.0050 loss_test=0.0158
2026-08-12 23:03:10,869 | INFO | Model 94 | training finished | total_elapsed=1.22s
2026-08-12 23:03:10,870 | INFO | === New model #95 params={'alpha': 1e-05, 'class_weight': {np.int64(0): np.float64(0.570472416046546), np.int64(1): np.float64(4.0474872868680825)}, 'eta0': 0.0001, 'learning_rate': 'optimal', 'loss': 'hinge', 'max_iter': 2000, 'n_iter_no_change': 10, 'penalty': 'l2', 'tol': 1e-05, 'validation_fraction': 0.2} ===
2026-08-12 23:03:11,901 | INFO | Model 95| f1=0.9861 recall=0.9865 loss_train=0.0066 loss_test=0.0165
2026-08-12 23:03:11,901 | INFO | Model 95 | training finished | total_elapsed=1.03s
2026-08-12 23:03:11,902 | INFO | === New model #96 params={'alpha': 1e-05, 'class_weight': {np.int64(0): np.float64(0.570472416046546), np.int64(1): np.float64(4.0474872868680825)}, 'eta0': 0.0001, 'learning_rate': 'optimal', 'loss': 'log_loss', 'max_iter': 1000, 'n_iter_no_change': 5, 'penalty': 'l1', 'tol': 0.0001, 'validation_fraction': 0.1} ===
2026-08-12 23:03:13,618 | INFO | Model 96| f1=0.9731 recall=0.9829 loss_train=0.0269 loss_test=0.0301
2026-08-12 23:03:13,618 | INFO | Model 96 | training finished | total_elapsed=1.72s
2026-08-12 23:03:13,619 | INFO | === New model #97 params={'alpha': 1e-05, 'class_weight': {np.int64(0): np.float64(0.570472416046546), np.int64(1): np.float64(4.0474872868680825)}, 'eta0': 0.0001, 'learning_rate': 'optimal', 'loss': 'log_loss', 'max_iter': 1000, 'n_iter_no_change': 5, 'penalty': 'l1', 'tol': 0.0001, 'validation_fraction': 0.2} ===
2026-08-12 23:03:15,287 | INFO | Model 97| f1=0.9725 recall=0.9838 loss_train=0.0268 loss_test=0.0295
2026-08-12 23:03:15,287 | INFO | Model 97 | training finished | total_elapsed=1.67s
2026-08-12 23:03:15,288 | INFO | === New model #98 params={'alpha': 1e-05, 'class_weight': {np.int64(0): np.float64(0.570472416046546), np.int64(1): np.float64(4.0474872868680825)}, 'eta0': 0.0001, 'learning_rate': 'optimal', 'loss': 'log_loss', 'max_iter': 1000, 'n_iter_no_change': 5, 'penalty': 'l1', 'tol': 1e-05, 'validation_fraction': 0.1} ===
2026-08-12 23:03:17,801 | INFO | Model 98| f1=0.9732 recall=0.9835 loss_train=0.0280 loss_test=0.0312
2026-08-12 23:03:17,801 | INFO | Model 98 | training finished | total_elapsed=2.51s
2026-08-12 23:03:17,802 | INFO | === New model #99 params={'alpha': 1e-05, 'class_weight': {np.int64(0): np.float64(0.570472416046546), np.int64(1): np.float64(4.0474872868680825)}, 'eta0': 0.0001, 'learning_rate': 'optimal', 'loss': 'log_loss', 'max_iter': 1000, 'n_iter_no_change': 5, 'penalty': 'l1', 'tol': 1e-05, 'validation_fraction': 0.2} ===
2026-08-12 23:03:19,691 | INFO | Model 99| f1=0.9725 recall=0.9838 loss_train=0.0268 loss_test=0.0295
2026-08-12 23:03:19,692 | INFO | Model 99 | training finished | total_elapsed=1.89s
2026-08-12 23:03:19,692 | INFO | === New model #100 params={'alpha': 1e-05, 'class_weight': {np.int64(0): np.float64(0.570472416046546), np.int64(1): np.float64(4.0474872868680825)}, 'eta0': 0.0001, 'learning_rate': 'optimal', 'loss': 'log_loss', 'max_iter': 1000, 'n_iter_no_change': 5, 'penalty': 'l2', 'tol': 0.0001, 'validation_fraction': 0.1} ===
2026-08-12 23:03:20,541 | INFO | Model 100| f1=0.9837 recall=0.9859 loss_train=0.0253 loss_test=0.0300
2026-08-12 23:03:20,541 | INFO | Model 100 | training finished | total_elapsed=0.85s
2026-08-12 23:03:20,542 | INFO | === New model #101 params={'alpha': 1e-05, 'class_weight': {np.int64(0): np.float64(0.570472416046546), np.int64(1): np.float64(4.0474872868680825)}, 'eta0': 0.0001, 'learning_rate': 'optimal', 'loss': 'log_loss', 'max_iter': 1000, 'n_iter_no_change': 5, 'penalty': 'l2', 'tol': 0.0001, 'validation_fraction': 0.2} ===
2026-08-12 23:03:21,506 | INFO | Model 101| f1=0.9840 recall=0.9859 loss_train=0.0257 loss_test=0.0299
2026-08-12 23:03:21,506 | INFO | Model 101 | training finished | total_elapsed=0.96s
2026-08-12 23:03:21,506 | INFO | === New model #102 params={'alpha': 1e-05, 'class_weight': {np.int64(0): np.float64(0.570472416046546), np.int64(1): np.float64(4.0474872868680825)}, 'eta0': 0.0001, 'learning_rate': 'optimal', 'loss': 'log_loss', 'max_iter': 1000, 'n_iter_no_change': 5, 'penalty': 'l2', 'tol': 1e-05, 'validation_fraction': 0.1} ===
2026-08-12 23:03:22,551 | INFO | Model 102| f1=0.9837 recall=0.9865 loss_train=0.0261 loss_test=0.0308
2026-08-12 23:03:22,552 | INFO | Model 102 | training finished | total_elapsed=1.05s
2026-08-12 23:03:22,552 | INFO | === New model #103 params={'alpha': 1e-05, 'class_weight': {np.int64(0): np.float64(0.570472416046546), np.int64(1): np.float64(4.0474872868680825)}, 'eta0': 0.0001, 'learning_rate': 'optimal', 'loss': 'log_loss', 'max_iter': 1000, 'n_iter_no_change': 5, 'penalty': 'l2', 'tol': 1e-05, 'validation_fraction': 0.2} ===
2026-08-12 23:03:23,556 | INFO | Model 103| f1=0.9836 recall=0.9862 loss_train=0.0264 loss_test=0.0306
2026-08-12 23:03:23,556 | INFO | Model 103 | training finished | total_elapsed=1.00s
2026-08-12 23:03:23,556 | INFO | === New model #104 params={'alpha': 1e-05, 'class_weight': {np.int64(0): np.float64(0.570472416046546), np.int64(1): np.float64(4.0474872868680825)}, 'eta0': 0.0001, 'learning_rate': 'optimal', 'loss': 'log_loss', 'max_iter': 1000, 'n_iter_no_change': 10, 'penalty': 'l1', 'tol': 0.0001, 'validation_fraction': 0.1} ===
2026-08-12 23:03:26,881 | INFO | Model 104| f1=0.9742 recall=0.9838 loss_train=0.0279 loss_test=0.0308
2026-08-12 23:03:26,881 | INFO | Model 104 | training finished | total_elapsed=3.33s
2026-08-12 23:03:26,881 | INFO | === New model #105 params={'alpha': 1e-05, 'class_weight': {np.int64(0): np.float64(0.570472416046546), np.int64(1): np.float64(4.0474872868680825)}, 'eta0': 0.0001, 'learning_rate': 'optimal', 'loss': 'log_loss', 'max_iter': 1000, 'n_iter_no_change': 10, 'penalty': 'l1', 'tol': 0.0001, 'validation_fraction': 0.2} ===
2026-08-12 23:03:29,992 | INFO | Model 105| f1=0.9748 recall=0.9847 loss_train=0.0281 loss_test=0.0304
2026-08-12 23:03:29,992 | INFO | Model 105 | training finished | total_elapsed=3.11s
2026-08-12 23:03:29,993 | INFO | === New model #106 params={'alpha': 1e-05, 'class_weight': {np.int64(0): np.float64(0.570472416046546), np.int64(1): np.float64(4.0474872868680825)}, 'eta0': 0.0001, 'learning_rate': 'optimal', 'loss': 'log_loss', 'max_iter': 1000, 'n_iter_no_change': 10, 'penalty': 'l1', 'tol': 1e-05, 'validation_fraction': 0.1} ===
2026-08-12 23:03:33,587 | INFO | Model 106| f1=0.9755 recall=0.9838 loss_train=0.0275 loss_test=0.0304
2026-08-12 23:03:33,587 | INFO | Model 106 | training finished | total_elapsed=3.60s
2026-08-12 23:03:33,588 | INFO | === New model #107 params={'alpha': 1e-05, 'class_weight': {np.int64(0): np.float64(0.570472416046546), np.int64(1): np.float64(4.0474872868680825)}, 'eta0': 0.0001, 'learning_rate': 'optimal', 'loss': 'log_loss', 'max_iter': 1000, 'n_iter_no_change': 10, 'penalty': 'l1', 'tol': 1e-05, 'validation_fraction': 0.2} ===
2026-08-12 23:03:36,338 | INFO | Model 107| f1=0.9748 recall=0.9847 loss_train=0.0281 loss_test=0.0304
2026-08-12 23:03:36,338 | INFO | Model 107 | training finished | total_elapsed=2.75s
2026-08-12 23:03:36,338 | INFO | === New model #108 params={'alpha': 1e-05, 'class_weight': {np.int64(0): np.float64(0.570472416046546), np.int64(1): np.float64(4.0474872868680825)}, 'eta0': 0.0001, 'learning_rate': 'optimal', 'loss': 'log_loss', 'max_iter': 1000, 'n_iter_no_change': 10, 'penalty': 'l2', 'tol': 0.0001, 'validation_fraction': 0.1} ===
2026-08-12 23:03:37,535 | INFO | Model 108| f1=0.9829 recall=0.9862 loss_train=0.0264 loss_test=0.0310
2026-08-12 23:03:37,535 | INFO | Model 108 | training finished | total_elapsed=1.20s
2026-08-12 23:03:37,536 | INFO | === New model #109 params={'alpha': 1e-05, 'class_weight': {np.int64(0): np.float64(0.570472416046546), np.int64(1): np.float64(4.0474872868680825)}, 'eta0': 0.0001, 'learning_rate': 'optimal', 'loss': 'log_loss', 'max_iter': 1000, 'n_iter_no_change': 10, 'penalty': 'l2', 'tol': 0.0001, 'validation_fraction': 0.2} ===
2026-08-12 23:03:38,766 | INFO | Model 109| f1=0.9836 recall=0.9859 loss_train=0.0262 loss_test=0.0304
2026-08-12 23:03:38,766 | INFO | Model 109 | training finished | total_elapsed=1.23s
2026-08-12 23:03:38,767 | INFO | === New model #110 params={'alpha': 1e-05, 'class_weight': {np.int64(0): np.float64(0.570472416046546), np.int64(1): np.float64(4.0474872868680825)}, 'eta0': 0.0001, 'learning_rate': 'optimal', 'loss': 'log_loss', 'max_iter': 1000, 'n_iter_no_change': 10, 'penalty': 'l2', 'tol': 1e-05, 'validation_fraction': 0.1} ===
2026-08-12 23:03:40,078 | INFO | Model 110| f1=0.9836 recall=0.9853 loss_train=0.0247 loss_test=0.0293
2026-08-12 23:03:40,078 | INFO | Model 110 | training finished | total_elapsed=1.31s
2026-08-12 23:03:40,078 | INFO | === New model #111 params={'alpha': 1e-05, 'class_weight': {np.int64(0): np.float64(0.570472416046546), np.int64(1): np.float64(4.0474872868680825)}, 'eta0': 0.0001, 'learning_rate': 'optimal', 'loss': 'log_loss', 'max_iter': 1000, 'n_iter_no_change': 10, 'penalty': 'l2', 'tol': 1e-05, 'validation_fraction': 0.2} ===
2026-08-12 23:03:41,497 | INFO | Model 111| f1=0.9848 recall=0.9859 loss_train=0.0249 loss_test=0.0290
2026-08-12 23:03:41,497 | INFO | Model 111 | training finished | total_elapsed=1.42s
2026-08-12 23:03:41,497 | INFO | === New model #112 params={'alpha': 1e-05, 'class_weight': {np.int64(0): np.float64(0.570472416046546), np.int64(1): np.float64(4.0474872868680825)}, 'eta0': 0.0001, 'learning_rate': 'optimal', 'loss': 'log_loss', 'max_iter': 2000, 'n_iter_no_change': 5, 'penalty': 'l1', 'tol': 0.0001, 'validation_fraction': 0.1} ===
2026-08-12 23:03:43,226 | INFO | Model 112| f1=0.9731 recall=0.9829 loss_train=0.0269 loss_test=0.0301
2026-08-12 23:03:43,226 | INFO | Model 112 | training finished | total_elapsed=1.73s
2026-08-12 23:03:43,227 | INFO | === New model #113 params={'alpha': 1e-05, 'class_weight': {np.int64(0): np.float64(0.570472416046546), np.int64(1): np.float64(4.0474872868680825)}, 'eta0': 0.0001, 'learning_rate': 'optimal', 'loss': 'log_loss', 'max_iter': 2000, 'n_iter_no_change': 5, 'penalty': 'l1', 'tol': 0.0001, 'validation_fraction': 0.2} ===
2026-08-12 23:03:44,877 | INFO | Model 113| f1=0.9725 recall=0.9838 loss_train=0.0268 loss_test=0.0295
2026-08-12 23:03:44,877 | INFO | Model 113 | training finished | total_elapsed=1.65s
2026-08-12 23:03:44,877 | INFO | === New model #114 params={'alpha': 1e-05, 'class_weight': {np.int64(0): np.float64(0.570472416046546), np.int64(1): np.float64(4.0474872868680825)}, 'eta0': 0.0001, 'learning_rate': 'optimal', 'loss': 'log_loss', 'max_iter': 2000, 'n_iter_no_change': 5, 'penalty': 'l1', 'tol': 1e-05, 'validation_fraction': 0.1} ===
2026-08-12 23:03:47,124 | INFO | Model 114| f1=0.9732 recall=0.9835 loss_train=0.0280 loss_test=0.0312
2026-08-12 23:03:47,124 | INFO | Model 114 | training finished | total_elapsed=2.25s
2026-08-12 23:03:47,125 | INFO | === New model #115 params={'alpha': 1e-05, 'class_weight': {np.int64(0): np.float64(0.570472416046546), np.int64(1): np.float64(4.0474872868680825)}, 'eta0': 0.0001, 'learning_rate': 'optimal', 'loss': 'log_loss', 'max_iter': 2000, 'n_iter_no_change': 5, 'penalty': 'l1', 'tol': 1e-05, 'validation_fraction': 0.2} ===
2026-08-12 23:03:48,822 | INFO | Model 115| f1=0.9725 recall=0.9838 loss_train=0.0268 loss_test=0.0295
2026-08-12 23:03:48,822 | INFO | Model 115 | training finished | total_elapsed=1.70s
2026-08-12 23:03:48,822 | INFO | === New model #116 params={'alpha': 1e-05, 'class_weight': {np.int64(0): np.float64(0.570472416046546), np.int64(1): np.float64(4.0474872868680825)}, 'eta0': 0.0001, 'learning_rate': 'optimal', 'loss': 'log_loss', 'max_iter': 2000, 'n_iter_no_change': 5, 'penalty': 'l2', 'tol': 0.0001, 'validation_fraction': 0.1} ===
2026-08-12 23:03:49,608 | INFO | Model 116| f1=0.9837 recall=0.9859 loss_train=0.0253 loss_test=0.0300
2026-08-12 23:03:49,608 | INFO | Model 116 | training finished | total_elapsed=0.79s
2026-08-12 23:03:49,608 | INFO | === New model #117 params={'alpha': 1e-05, 'class_weight': {np.int64(0): np.float64(0.570472416046546), np.int64(1): np.float64(4.0474872868680825)}, 'eta0': 0.0001, 'learning_rate': 'optimal', 'loss': 'log_loss', 'max_iter': 2000, 'n_iter_no_change': 5, 'penalty': 'l2', 'tol': 0.0001, 'validation_fraction': 0.2} ===
2026-08-12 23:03:50,361 | INFO | Model 117| f1=0.9840 recall=0.9859 loss_train=0.0257 loss_test=0.0299
2026-08-12 23:03:50,361 | INFO | Model 117 | training finished | total_elapsed=0.75s
2026-08-12 23:03:50,361 | INFO | === New model #118 params={'alpha': 1e-05, 'class_weight': {np.int64(0): np.float64(0.570472416046546), np.int64(1): np.float64(4.0474872868680825)}, 'eta0': 0.0001, 'learning_rate': 'optimal', 'loss': 'log_loss', 'max_iter': 2000, 'n_iter_no_change': 5, 'penalty': 'l2', 'tol': 1e-05, 'validation_fraction': 0.1} ===
2026-08-12 23:03:51,218 | INFO | Model 118| f1=0.9837 recall=0.9865 loss_train=0.0261 loss_test=0.0308
2026-08-12 23:03:51,218 | INFO | Model 118 | training finished | total_elapsed=0.86s
2026-08-12 23:03:51,218 | INFO | === New model #119 params={'alpha': 1e-05, 'class_weight': {np.int64(0): np.float64(0.570472416046546), np.int64(1): np.float64(4.0474872868680825)}, 'eta0': 0.0001, 'learning_rate': 'optimal', 'loss': 'log_loss', 'max_iter': 2000, 'n_iter_no_change': 5, 'penalty': 'l2', 'tol': 1e-05, 'validation_fraction': 0.2} ===
2026-08-12 23:03:52,125 | INFO | Model 119| f1=0.9836 recall=0.9862 loss_train=0.0264 loss_test=0.0306
2026-08-12 23:03:52,125 | INFO | Model 119 | training finished | total_elapsed=0.91s
2026-08-12 23:03:52,126 | INFO | === New model #120 params={'alpha': 1e-05, 'class_weight': {np.int64(0): np.float64(0.570472416046546), np.int64(1): np.float64(4.0474872868680825)}, 'eta0': 0.0001, 'learning_rate': 'optimal', 'loss': 'log_loss', 'max_iter': 2000, 'n_iter_no_change': 10, 'penalty': 'l1', 'tol': 0.0001, 'validation_fraction': 0.1} ===
2026-08-12 23:03:55,019 | INFO | Model 120| f1=0.9742 recall=0.9838 loss_train=0.0279 loss_test=0.0308
2026-08-12 23:03:55,019 | INFO | Model 120 | training finished | total_elapsed=2.89s
2026-08-12 23:03:55,019 | INFO | === New model #121 params={'alpha': 1e-05, 'class_weight': {np.int64(0): np.float64(0.570472416046546), np.int64(1): np.float64(4.0474872868680825)}, 'eta0': 0.0001, 'learning_rate': 'optimal', 'loss': 'log_loss', 'max_iter': 2000, 'n_iter_no_change': 10, 'penalty': 'l1', 'tol': 0.0001, 'validation_fraction': 0.2} ===
2026-08-12 23:03:57,739 | INFO | Model 121| f1=0.9748 recall=0.9847 loss_train=0.0281 loss_test=0.0304
2026-08-12 23:03:57,739 | INFO | Model 121 | training finished | total_elapsed=2.72s
2026-08-12 23:03:57,740 | INFO | === New model #122 params={'alpha': 1e-05, 'class_weight': {np.int64(0): np.float64(0.570472416046546), np.int64(1): np.float64(4.0474872868680825)}, 'eta0': 0.0001, 'learning_rate': 'optimal', 'loss': 'log_loss', 'max_iter': 2000, 'n_iter_no_change': 10, 'penalty': 'l1', 'tol': 1e-05, 'validation_fraction': 0.1} ===
2026-08-12 23:04:01,062 | INFO | Model 122| f1=0.9755 recall=0.9838 loss_train=0.0275 loss_test=0.0304
2026-08-12 23:04:01,062 | INFO | Model 122 | training finished | total_elapsed=3.32s
2026-08-12 23:04:01,063 | INFO | === New model #123 params={'alpha': 1e-05, 'class_weight': {np.int64(0): np.float64(0.570472416046546), np.int64(1): np.float64(4.0474872868680825)}, 'eta0': 0.0001, 'learning_rate': 'optimal', 'loss': 'log_loss', 'max_iter': 2000, 'n_iter_no_change': 10, 'penalty': 'l1', 'tol': 1e-05, 'validation_fraction': 0.2} ===
2026-08-12 23:04:03,904 | INFO | Model 123| f1=0.9748 recall=0.9847 loss_train=0.0281 loss_test=0.0304
2026-08-12 23:04:03,905 | INFO | Model 123 | training finished | total_elapsed=2.84s
2026-08-12 23:04:03,905 | INFO | === New model #124 params={'alpha': 1e-05, 'class_weight': {np.int64(0): np.float64(0.570472416046546), np.int64(1): np.float64(4.0474872868680825)}, 'eta0': 0.0001, 'learning_rate': 'optimal', 'loss': 'log_loss', 'max_iter': 2000, 'n_iter_no_change': 10, 'penalty': 'l2', 'tol': 0.0001, 'validation_fraction': 0.1} ===
2026-08-12 23:04:05,099 | INFO | Model 124| f1=0.9829 recall=0.9862 loss_train=0.0264 loss_test=0.0310
2026-08-12 23:04:05,099 | INFO | Model 124 | training finished | total_elapsed=1.19s
2026-08-12 23:04:05,099 | INFO | === New model #125 params={'alpha': 1e-05, 'class_weight': {np.int64(0): np.float64(0.570472416046546), np.int64(1): np.float64(4.0474872868680825)}, 'eta0': 0.0001, 'learning_rate': 'optimal', 'loss': 'log_loss', 'max_iter': 2000, 'n_iter_no_change': 10, 'penalty': 'l2', 'tol': 0.0001, 'validation_fraction': 0.2} ===
2026-08-12 23:04:06,392 | INFO | Model 125| f1=0.9836 recall=0.9859 loss_train=0.0262 loss_test=0.0304
2026-08-12 23:04:06,392 | INFO | Model 125 | training finished | total_elapsed=1.29s
2026-08-12 23:04:06,392 | INFO | === New model #126 params={'alpha': 1e-05, 'class_weight': {np.int64(0): np.float64(0.570472416046546), np.int64(1): np.float64(4.0474872868680825)}, 'eta0': 0.0001, 'learning_rate': 'optimal', 'loss': 'log_loss', 'max_iter': 2000, 'n_iter_no_change': 10, 'penalty': 'l2', 'tol': 1e-05, 'validation_fraction': 0.1} ===
2026-08-12 23:04:07,751 | INFO | Model 126| f1=0.9836 recall=0.9853 loss_train=0.0247 loss_test=0.0293
2026-08-12 23:04:07,751 | INFO | Model 126 | training finished | total_elapsed=1.36s
2026-08-12 23:04:07,752 | INFO | === New model #127 params={'alpha': 1e-05, 'class_weight': {np.int64(0): np.float64(0.570472416046546), np.int64(1): np.float64(4.0474872868680825)}, 'eta0': 0.0001, 'learning_rate': 'optimal', 'loss': 'log_loss', 'max_iter': 2000, 'n_iter_no_change': 10, 'penalty': 'l2', 'tol': 1e-05, 'validation_fraction': 0.2} ===
2026-08-12 23:04:09,279 | INFO | Model 127| f1=0.9848 recall=0.9859 loss_train=0.0249 loss_test=0.0290
2026-08-12 23:04:09,279 | INFO | Model 127 | training finished | total_elapsed=1.53s
2026-08-12 23:04:09,279 | INFO | === New model #128 params={'alpha': 1e-05, 'class_weight': None, 'eta0': 0.001, 'learning_rate': 'optimal', 'loss': 'hinge', 'max_iter': 1000, 'n_iter_no_change': 5, 'penalty': 'l1', 'tol': 0.0001, 'validation_fraction': 0.1} ===
2026-08-12 23:04:10,633 | INFO | Model 128| f1=0.9783 recall=0.9626 loss_train=0.0131 loss_test=0.0145
2026-08-12 23:04:10,633 | INFO | Model 128 | training finished | total_elapsed=1.35s
2026-08-12 23:04:10,634 | INFO | === New model #129 params={'alpha': 1e-05, 'class_weight': None, 'eta0': 0.001, 'learning_rate': 'optimal', 'loss': 'hinge', 'max_iter': 1000, 'n_iter_no_change': 5, 'penalty': 'l1', 'tol': 0.0001, 'validation_fraction': 0.2} ===
2026-08-12 23:04:12,028 | INFO | Model 129| f1=0.9785 recall=0.9644 loss_train=0.0132 loss_test=0.0145
2026-08-12 23:04:12,028 | INFO | Model 129 | training finished | total_elapsed=1.39s
2026-08-12 23:04:12,029 | INFO | === New model #130 params={'alpha': 1e-05, 'class_weight': None, 'eta0': 0.001, 'learning_rate': 'optimal', 'loss': 'hinge', 'max_iter': 1000, 'n_iter_no_change': 5, 'penalty': 'l1', 'tol': 1e-05, 'validation_fraction': 0.1} ===
2026-08-12 23:04:13,378 | INFO | Model 130| f1=0.9783 recall=0.9626 loss_train=0.0131 loss_test=0.0145
2026-08-12 23:04:13,379 | INFO | Model 130 | training finished | total_elapsed=1.35s
2026-08-12 23:04:13,379 | INFO | === New model #131 params={'alpha': 1e-05, 'class_weight': None, 'eta0': 0.001, 'learning_rate': 'optimal', 'loss': 'hinge', 'max_iter': 1000, 'n_iter_no_change': 5, 'penalty': 'l1', 'tol': 1e-05, 'validation_fraction': 0.2} ===
2026-08-12 23:04:14,727 | INFO | Model 131| f1=0.9785 recall=0.9644 loss_train=0.0132 loss_test=0.0145
2026-08-12 23:04:14,727 | INFO | Model 131 | training finished | total_elapsed=1.35s
2026-08-12 23:04:14,727 | INFO | === New model #132 params={'alpha': 1e-05, 'class_weight': None, 'eta0': 0.001, 'learning_rate': 'optimal', 'loss': 'hinge', 'max_iter': 1000, 'n_iter_no_change': 5, 'penalty': 'l2', 'tol': 0.0001, 'validation_fraction': 0.1} ===
2026-08-12 23:04:15,336 | INFO | Model 132| f1=0.9857 recall=0.9776 loss_train=0.0044 loss_test=0.0130
2026-08-12 23:04:15,336 | INFO | Model 132 | training finished | total_elapsed=0.61s
2026-08-12 23:04:15,337 | INFO | === New model #133 params={'alpha': 1e-05, 'class_weight': None, 'eta0': 0.001, 'learning_rate': 'optimal', 'loss': 'hinge', 'max_iter': 1000, 'n_iter_no_change': 5, 'penalty': 'l2', 'tol': 0.0001, 'validation_fraction': 0.2} ===
2026-08-12 23:04:15,972 | INFO | Model 133| f1=0.9849 recall=0.9773 loss_train=0.0054 loss_test=0.0136
2026-08-12 23:04:15,972 | INFO | Model 133 | training finished | total_elapsed=0.64s
2026-08-12 23:04:15,973 | INFO | === New model #134 params={'alpha': 1e-05, 'class_weight': None, 'eta0': 0.001, 'learning_rate': 'optimal', 'loss': 'hinge', 'max_iter': 1000, 'n_iter_no_change': 5, 'penalty': 'l2', 'tol': 1e-05, 'validation_fraction': 0.1} ===
2026-08-12 23:04:16,669 | INFO | Model 134| f1=0.9857 recall=0.9776 loss_train=0.0044 loss_test=0.0130
2026-08-12 23:04:16,669 | INFO | Model 134 | training finished | total_elapsed=0.70s
2026-08-12 23:04:16,670 | INFO | === New model #135 params={'alpha': 1e-05, 'class_weight': None, 'eta0': 0.001, 'learning_rate': 'optimal', 'loss': 'hinge', 'max_iter': 1000, 'n_iter_no_change': 5, 'penalty': 'l2', 'tol': 1e-05, 'validation_fraction': 0.2} ===
2026-08-12 23:04:17,381 | INFO | Model 135| f1=0.9849 recall=0.9773 loss_train=0.0054 loss_test=0.0136
2026-08-12 23:04:17,381 | INFO | Model 135 | training finished | total_elapsed=0.71s
2026-08-12 23:04:17,382 | INFO | === New model #136 params={'alpha': 1e-05, 'class_weight': None, 'eta0': 0.001, 'learning_rate': 'optimal', 'loss': 'hinge', 'max_iter': 1000, 'n_iter_no_change': 10, 'penalty': 'l1', 'tol': 0.0001, 'validation_fraction': 0.1} ===
2026-08-12 23:04:19,586 | INFO | Model 136| f1=0.9781 recall=0.9635 loss_train=0.0130 loss_test=0.0146
2026-08-12 23:04:19,587 | INFO | Model 136 | training finished | total_elapsed=2.21s
2026-08-12 23:04:19,587 | INFO | === New model #137 params={'alpha': 1e-05, 'class_weight': None, 'eta0': 0.001, 'learning_rate': 'optimal', 'loss': 'hinge', 'max_iter': 1000, 'n_iter_no_change': 10, 'penalty': 'l1', 'tol': 0.0001, 'validation_fraction': 0.2} ===
2026-08-12 23:04:21,529 | INFO | Model 137| f1=0.9787 recall=0.9644 loss_train=0.0132 loss_test=0.0144
2026-08-12 23:04:21,529 | INFO | Model 137 | training finished | total_elapsed=1.94s
2026-08-12 23:04:21,529 | INFO | === New model #138 params={'alpha': 1e-05, 'class_weight': None, 'eta0': 0.001, 'learning_rate': 'optimal', 'loss': 'hinge', 'max_iter': 1000, 'n_iter_no_change': 10, 'penalty': 'l1', 'tol': 1e-05, 'validation_fraction': 0.1} ===
2026-08-12 23:04:26,519 | INFO | Model 138| f1=0.9775 recall=0.9626 loss_train=0.0129 loss_test=0.0147
2026-08-12 23:04:26,519 | INFO | Model 138 | training finished | total_elapsed=4.99s
2026-08-12 23:04:26,520 | INFO | === New model #139 params={'alpha': 1e-05, 'class_weight': None, 'eta0': 0.001, 'learning_rate': 'optimal', 'loss': 'hinge', 'max_iter': 1000, 'n_iter_no_change': 10, 'penalty': 'l1', 'tol': 1e-05, 'validation_fraction': 0.2} ===
2026-08-12 23:04:29,605 | INFO | Model 139| f1=0.9795 recall=0.9662 loss_train=0.0132 loss_test=0.0145
2026-08-12 23:04:29,605 | INFO | Model 139 | training finished | total_elapsed=3.09s
2026-08-12 23:04:29,605 | INFO | === New model #140 params={'alpha': 1e-05, 'class_weight': None, 'eta0': 0.001, 'learning_rate': 'optimal', 'loss': 'hinge', 'max_iter': 1000, 'n_iter_no_change': 10, 'penalty': 'l2', 'tol': 0.0001, 'validation_fraction': 0.1} ===
2026-08-12 23:04:30,563 | INFO | Model 140| f1=0.9858 recall=0.9788 loss_train=0.0041 loss_test=0.0139
2026-08-12 23:04:30,564 | INFO | Model 140 | training finished | total_elapsed=0.96s
2026-08-12 23:04:30,564 | INFO | === New model #141 params={'alpha': 1e-05, 'class_weight': None, 'eta0': 0.001, 'learning_rate': 'optimal', 'loss': 'hinge', 'max_iter': 1000, 'n_iter_no_change': 10, 'penalty': 'l2', 'tol': 0.0001, 'validation_fraction': 0.2} ===
2026-08-12 23:04:31,550 | INFO | Model 141| f1=0.9855 recall=0.9776 loss_train=0.0053 loss_test=0.0145
2026-08-12 23:04:31,550 | INFO | Model 141 | training finished | total_elapsed=0.99s
2026-08-12 23:04:31,551 | INFO | === New model #142 params={'alpha': 1e-05, 'class_weight': None, 'eta0': 0.001, 'learning_rate': 'optimal', 'loss': 'hinge', 'max_iter': 1000, 'n_iter_no_change': 10, 'penalty': 'l2', 'tol': 1e-05, 'validation_fraction': 0.1} ===
2026-08-12 23:04:32,491 | INFO | Model 142| f1=0.9858 recall=0.9788 loss_train=0.0041 loss_test=0.0139
2026-08-12 23:04:32,491 | INFO | Model 142 | training finished | total_elapsed=0.94s
2026-08-12 23:04:32,491 | INFO | === New model #143 params={'alpha': 1e-05, 'class_weight': None, 'eta0': 0.001, 'learning_rate': 'optimal', 'loss': 'hinge', 'max_iter': 1000, 'n_iter_no_change': 10, 'penalty': 'l2', 'tol': 1e-05, 'validation_fraction': 0.2} ===
2026-08-12 23:04:33,537 | INFO | Model 143| f1=0.9855 recall=0.9776 loss_train=0.0053 loss_test=0.0145
2026-08-12 23:04:33,537 | INFO | Model 143 | training finished | total_elapsed=1.05s
2026-08-12 23:04:33,538 | INFO | === New model #144 params={'alpha': 1e-05, 'class_weight': None, 'eta0': 0.001, 'learning_rate': 'optimal', 'loss': 'hinge', 'max_iter': 2000, 'n_iter_no_change': 5, 'penalty': 'l1', 'tol': 0.0001, 'validation_fraction': 0.1} ===
2026-08-12 23:04:34,704 | INFO | Model 144| f1=0.9783 recall=0.9626 loss_train=0.0131 loss_test=0.0145
2026-08-12 23:04:34,704 | INFO | Model 144 | training finished | total_elapsed=1.17s
2026-08-12 23:04:34,705 | INFO | === New model #145 params={'alpha': 1e-05, 'class_weight': None, 'eta0': 0.001, 'learning_rate': 'optimal', 'loss': 'hinge', 'max_iter': 2000, 'n_iter_no_change': 5, 'penalty': 'l1', 'tol': 0.0001, 'validation_fraction': 0.2} ===
2026-08-12 23:04:35,988 | INFO | Model 145| f1=0.9785 recall=0.9644 loss_train=0.0132 loss_test=0.0145
2026-08-12 23:04:35,989 | INFO | Model 145 | training finished | total_elapsed=1.28s
2026-08-12 23:04:35,989 | INFO | === New model #146 params={'alpha': 1e-05, 'class_weight': None, 'eta0': 0.001, 'learning_rate': 'optimal', 'loss': 'hinge', 'max_iter': 2000, 'n_iter_no_change': 5, 'penalty': 'l1', 'tol': 1e-05, 'validation_fraction': 0.1} ===
2026-08-12 23:04:37,199 | INFO | Model 146| f1=0.9783 recall=0.9626 loss_train=0.0131 loss_test=0.0145
2026-08-12 23:04:37,199 | INFO | Model 146 | training finished | total_elapsed=1.21s
2026-08-12 23:04:37,199 | INFO | === New model #147 params={'alpha': 1e-05, 'class_weight': None, 'eta0': 0.001, 'learning_rate': 'optimal', 'loss': 'hinge', 'max_iter': 2000, 'n_iter_no_change': 5, 'penalty': 'l1', 'tol': 1e-05, 'validation_fraction': 0.2} ===
2026-08-12 23:04:38,574 | INFO | Model 147| f1=0.9785 recall=0.9644 loss_train=0.0132 loss_test=0.0145
2026-08-12 23:04:38,574 | INFO | Model 147 | training finished | total_elapsed=1.37s
2026-08-12 23:04:38,574 | INFO | === New model #148 params={'alpha': 1e-05, 'class_weight': None, 'eta0': 0.001, 'learning_rate': 'optimal', 'loss': 'hinge', 'max_iter': 2000, 'n_iter_no_change': 5, 'penalty': 'l2', 'tol': 0.0001, 'validation_fraction': 0.1} ===
2026-08-12 23:04:39,192 | INFO | Model 148| f1=0.9857 recall=0.9776 loss_train=0.0044 loss_test=0.0130
2026-08-12 23:04:39,192 | INFO | Model 148 | training finished | total_elapsed=0.62s
2026-08-12 23:04:39,192 | INFO | === New model #149 params={'alpha': 1e-05, 'class_weight': None, 'eta0': 0.001, 'learning_rate': 'optimal', 'loss': 'hinge', 'max_iter': 2000, 'n_iter_no_change': 5, 'penalty': 'l2', 'tol': 0.0001, 'validation_fraction': 0.2} ===
2026-08-12 23:04:39,815 | INFO | Model 149| f1=0.9849 recall=0.9773 loss_train=0.0054 loss_test=0.0136
2026-08-12 23:04:39,815 | INFO | Model 149 | training finished | total_elapsed=0.62s
2026-08-12 23:04:39,816 | INFO | === New model #150 params={'alpha': 1e-05, 'class_weight': None, 'eta0': 0.001, 'learning_rate': 'optimal', 'loss': 'hinge', 'max_iter': 2000, 'n_iter_no_change': 5, 'penalty': 'l2', 'tol': 1e-05, 'validation_fraction': 0.1} ===
2026-08-12 23:04:40,476 | INFO | Model 150| f1=0.9857 recall=0.9776 loss_train=0.0044 loss_test=0.0130
2026-08-12 23:04:40,476 | INFO | Model 150 | training finished | total_elapsed=0.66s
2026-08-12 23:04:40,476 | INFO | === New model #151 params={'alpha': 1e-05, 'class_weight': None, 'eta0': 0.001, 'learning_rate': 'optimal', 'loss': 'hinge', 'max_iter': 2000, 'n_iter_no_change': 5, 'penalty': 'l2', 'tol': 1e-05, 'validation_fraction': 0.2} ===
2026-08-12 23:04:41,177 | INFO | Model 151| f1=0.9849 recall=0.9773 loss_train=0.0054 loss_test=0.0136
2026-08-12 23:04:41,177 | INFO | Model 151 | training finished | total_elapsed=0.70s
2026-08-12 23:04:41,178 | INFO | === New model #152 params={'alpha': 1e-05, 'class_weight': None, 'eta0': 0.001, 'learning_rate': 'optimal', 'loss': 'hinge', 'max_iter': 2000, 'n_iter_no_change': 10, 'penalty': 'l1', 'tol': 0.0001, 'validation_fraction': 0.1} ===
2026-08-12 23:04:43,306 | INFO | Model 152| f1=0.9781 recall=0.9635 loss_train=0.0130 loss_test=0.0146
2026-08-12 23:04:43,306 | INFO | Model 152 | training finished | total_elapsed=2.13s
2026-08-12 23:04:43,307 | INFO | === New model #153 params={'alpha': 1e-05, 'class_weight': None, 'eta0': 0.001, 'learning_rate': 'optimal', 'loss': 'hinge', 'max_iter': 2000, 'n_iter_no_change': 10, 'penalty': 'l1', 'tol': 0.0001, 'validation_fraction': 0.2} ===
2026-08-12 23:04:45,379 | INFO | Model 153| f1=0.9787 recall=0.9644 loss_train=0.0132 loss_test=0.0144
2026-08-12 23:04:45,380 | INFO | Model 153 | training finished | total_elapsed=2.07s
2026-08-12 23:04:45,380 | INFO | === New model #154 params={'alpha': 1e-05, 'class_weight': None, 'eta0': 0.001, 'learning_rate': 'optimal', 'loss': 'hinge', 'max_iter': 2000, 'n_iter_no_change': 10, 'penalty': 'l1', 'tol': 1e-05, 'validation_fraction': 0.1} ===
2026-08-12 23:04:50,070 | INFO | Model 154| f1=0.9775 recall=0.9626 loss_train=0.0129 loss_test=0.0147
2026-08-12 23:04:50,071 | INFO | Model 154 | training finished | total_elapsed=4.69s
2026-08-12 23:04:50,071 | INFO | === New model #155 params={'alpha': 1e-05, 'class_weight': None, 'eta0': 0.001, 'learning_rate': 'optimal', 'loss': 'hinge', 'max_iter': 2000, 'n_iter_no_change': 10, 'penalty': 'l1', 'tol': 1e-05, 'validation_fraction': 0.2} ===
2026-08-12 23:04:53,182 | INFO | Model 155| f1=0.9795 recall=0.9662 loss_train=0.0132 loss_test=0.0145
2026-08-12 23:04:53,182 | INFO | Model 155 | training finished | total_elapsed=3.11s
2026-08-12 23:04:53,183 | INFO | === New model #156 params={'alpha': 1e-05, 'class_weight': None, 'eta0': 0.001, 'learning_rate': 'optimal', 'loss': 'hinge', 'max_iter': 2000, 'n_iter_no_change': 10, 'penalty': 'l2', 'tol': 0.0001, 'validation_fraction': 0.1} ===
2026-08-12 23:04:54,277 | INFO | Model 156| f1=0.9858 recall=0.9788 loss_train=0.0041 loss_test=0.0139
2026-08-12 23:04:54,277 | INFO | Model 156 | training finished | total_elapsed=1.09s
2026-08-12 23:04:54,278 | INFO | === New model #157 params={'alpha': 1e-05, 'class_weight': None, 'eta0': 0.001, 'learning_rate': 'optimal', 'loss': 'hinge', 'max_iter': 2000, 'n_iter_no_change': 10, 'penalty': 'l2', 'tol': 0.0001, 'validation_fraction': 0.2} ===
2026-08-12 23:04:55,308 | INFO | Model 157| f1=0.9855 recall=0.9776 loss_train=0.0053 loss_test=0.0145
2026-08-12 23:04:55,308 | INFO | Model 157 | training finished | total_elapsed=1.03s
2026-08-12 23:04:55,309 | INFO | === New model #158 params={'alpha': 1e-05, 'class_weight': None, 'eta0': 0.001, 'learning_rate': 'optimal', 'loss': 'hinge', 'max_iter': 2000, 'n_iter_no_change': 10, 'penalty': 'l2', 'tol': 1e-05, 'validation_fraction': 0.1} ===
2026-08-12 23:04:56,265 | INFO | Model 158| f1=0.9858 recall=0.9788 loss_train=0.0041 loss_test=0.0139
2026-08-12 23:04:56,265 | INFO | Model 158 | training finished | total_elapsed=0.96s
2026-08-12 23:04:56,266 | INFO | === New model #159 params={'alpha': 1e-05, 'class_weight': None, 'eta0': 0.001, 'learning_rate': 'optimal', 'loss': 'hinge', 'max_iter': 2000, 'n_iter_no_change': 10, 'penalty': 'l2', 'tol': 1e-05, 'validation_fraction': 0.2} ===
2026-08-12 23:04:57,293 | INFO | Model 159| f1=0.9855 recall=0.9776 loss_train=0.0053 loss_test=0.0145
2026-08-12 23:04:57,293 | INFO | Model 159 | training finished | total_elapsed=1.03s
2026-08-12 23:04:57,294 | INFO | === New model #160 params={'alpha': 1e-05, 'class_weight': None, 'eta0': 0.001, 'learning_rate': 'optimal', 'loss': 'log_loss', 'max_iter': 1000, 'n_iter_no_change': 5, 'penalty': 'l1', 'tol': 0.0001, 'validation_fraction': 0.1} ===
2026-08-12 23:04:59,539 | INFO | Model 160| f1=0.9701 recall=0.9477 loss_train=0.0257 loss_test=0.0260
2026-08-12 23:04:59,539 | INFO | Model 160 | training finished | total_elapsed=2.25s
2026-08-12 23:04:59,540 | INFO | === New model #161 params={'alpha': 1e-05, 'class_weight': None, 'eta0': 0.001, 'learning_rate': 'optimal', 'loss': 'log_loss', 'max_iter': 1000, 'n_iter_no_change': 5, 'penalty': 'l1', 'tol': 0.0001, 'validation_fraction': 0.2} ===
2026-08-12 23:05:02,466 | INFO | Model 161| f1=0.9711 recall=0.9483 loss_train=0.0259 loss_test=0.0262
2026-08-12 23:05:02,467 | INFO | Model 161 | training finished | total_elapsed=2.93s
2026-08-12 23:05:02,467 | INFO | === New model #162 params={'alpha': 1e-05, 'class_weight': None, 'eta0': 0.001, 'learning_rate': 'optimal', 'loss': 'log_loss', 'max_iter': 1000, 'n_iter_no_change': 5, 'penalty': 'l1', 'tol': 1e-05, 'validation_fraction': 0.1} ===
2026-08-12 23:05:06,839 | INFO | Model 162| f1=0.9704 recall=0.9480 loss_train=0.0255 loss_test=0.0259
2026-08-12 23:05:06,839 | INFO | Model 162 | training finished | total_elapsed=4.37s
2026-08-12 23:05:06,840 | INFO | === New model #163 params={'alpha': 1e-05, 'class_weight': None, 'eta0': 0.001, 'learning_rate': 'optimal', 'loss': 'log_loss', 'max_iter': 1000, 'n_iter_no_change': 5, 'penalty': 'l1', 'tol': 1e-05, 'validation_fraction': 0.2} ===
2026-08-12 23:05:09,156 | INFO | Model 163| f1=0.9711 recall=0.9483 loss_train=0.0259 loss_test=0.0262
2026-08-12 23:05:09,156 | INFO | Model 163 | training finished | total_elapsed=2.32s
2026-08-12 23:05:09,156 | INFO | === New model #164 params={'alpha': 1e-05, 'class_weight': None, 'eta0': 0.001, 'learning_rate': 'optimal', 'loss': 'log_loss', 'max_iter': 1000, 'n_iter_no_change': 5, 'penalty': 'l2', 'tol': 0.0001, 'validation_fraction': 0.1} ===
2026-08-12 23:05:10,037 | INFO | Model 164| f1=0.9766 recall=0.9554 loss_train=0.0215 loss_test=0.0254
2026-08-12 23:05:10,037 | INFO | Model 164 | training finished | total_elapsed=0.88s
2026-08-12 23:05:10,037 | INFO | === New model #165 params={'alpha': 1e-05, 'class_weight': None, 'eta0': 0.001, 'learning_rate': 'optimal', 'loss': 'log_loss', 'max_iter': 1000, 'n_iter_no_change': 5, 'penalty': 'l2', 'tol': 0.0001, 'validation_fraction': 0.2} ===
2026-08-12 23:05:10,892 | INFO | Model 165| f1=0.9768 recall=0.9557 loss_train=0.0219 loss_test=0.0256
2026-08-12 23:05:10,892 | INFO | Model 165 | training finished | total_elapsed=0.86s
2026-08-12 23:05:10,893 | INFO | === New model #166 params={'alpha': 1e-05, 'class_weight': None, 'eta0': 0.001, 'learning_rate': 'optimal', 'loss': 'log_loss', 'max_iter': 1000, 'n_iter_no_change': 5, 'penalty': 'l2', 'tol': 1e-05, 'validation_fraction': 0.1} ===
2026-08-12 23:05:11,838 | INFO | Model 166| f1=0.9766 recall=0.9554 loss_train=0.0215 loss_test=0.0254
2026-08-12 23:05:11,838 | INFO | Model 166 | training finished | total_elapsed=0.95s
2026-08-12 23:05:11,838 | INFO | === New model #167 params={'alpha': 1e-05, 'class_weight': None, 'eta0': 0.001, 'learning_rate': 'optimal', 'loss': 'log_loss', 'max_iter': 1000, 'n_iter_no_change': 5, 'penalty': 'l2', 'tol': 1e-05, 'validation_fraction': 0.2} ===
2026-08-12 23:05:13,214 | INFO | Model 167| f1=0.9757 recall=0.9536 loss_train=0.0220 loss_test=0.0257
2026-08-12 23:05:13,215 | INFO | Model 167 | training finished | total_elapsed=1.38s
2026-08-12 23:05:13,215 | INFO | === New model #168 params={'alpha': 1e-05, 'class_weight': None, 'eta0': 0.001, 'learning_rate': 'optimal', 'loss': 'log_loss', 'max_iter': 1000, 'n_iter_no_change': 10, 'penalty': 'l1', 'tol': 0.0001, 'validation_fraction': 0.1} ===
2026-08-12 23:05:16,470 | INFO | Model 168| f1=0.9704 recall=0.9480 loss_train=0.0255 loss_test=0.0259
2026-08-12 23:05:16,470 | INFO | Model 168 | training finished | total_elapsed=3.26s
2026-08-12 23:05:16,471 | INFO | === New model #169 params={'alpha': 1e-05, 'class_weight': None, 'eta0': 0.001, 'learning_rate': 'optimal', 'loss': 'log_loss', 'max_iter': 1000, 'n_iter_no_change': 10, 'penalty': 'l1', 'tol': 0.0001, 'validation_fraction': 0.2} ===
2026-08-12 23:05:19,607 | INFO | Model 169| f1=0.9709 recall=0.9480 loss_train=0.0258 loss_test=0.0260
2026-08-12 23:05:19,608 | INFO | Model 169 | training finished | total_elapsed=3.14s
2026-08-12 23:05:19,608 | INFO | === New model #170 params={'alpha': 1e-05, 'class_weight': None, 'eta0': 0.001, 'learning_rate': 'optimal', 'loss': 'log_loss', 'max_iter': 1000, 'n_iter_no_change': 10, 'penalty': 'l1', 'tol': 1e-05, 'validation_fraction': 0.1} ===
2026-08-12 23:05:24,633 | INFO | Model 170| f1=0.9709 recall=0.9488 loss_train=0.0254 loss_test=0.0258
2026-08-12 23:05:24,633 | INFO | Model 170 | training finished | total_elapsed=5.03s
2026-08-12 23:05:24,634 | INFO | === New model #171 params={'alpha': 1e-05, 'class_weight': None, 'eta0': 0.001, 'learning_rate': 'optimal', 'loss': 'log_loss', 'max_iter': 1000, 'n_iter_no_change': 10, 'penalty': 'l1', 'tol': 1e-05, 'validation_fraction': 0.2} ===
2026-08-12 23:05:32,058 | INFO | Model 171| f1=0.9709 recall=0.9480 loss_train=0.0256 loss_test=0.0258
2026-08-12 23:05:32,058 | INFO | Model 171 | training finished | total_elapsed=7.42s
2026-08-12 23:05:32,058 | INFO | === New model #172 params={'alpha': 1e-05, 'class_weight': None, 'eta0': 0.001, 'learning_rate': 'optimal', 'loss': 'log_loss', 'max_iter': 1000, 'n_iter_no_change': 10, 'penalty': 'l2', 'tol': 0.0001, 'validation_fraction': 0.1} ===
2026-08-12 23:05:33,623 | INFO | Model 172| f1=0.9758 recall=0.9539 loss_train=0.0215 loss_test=0.0255
2026-08-12 23:05:33,623 | INFO | Model 172 | training finished | total_elapsed=1.57s
2026-08-12 23:05:33,624 | INFO | === New model #173 params={'alpha': 1e-05, 'class_weight': None, 'eta0': 0.001, 'learning_rate': 'optimal', 'loss': 'log_loss', 'max_iter': 1000, 'n_iter_no_change': 10, 'penalty': 'l2', 'tol': 0.0001, 'validation_fraction': 0.2} ===
2026-08-12 23:05:35,177 | INFO | Model 173| f1=0.9757 recall=0.9536 loss_train=0.0220 loss_test=0.0257
2026-08-12 23:05:35,178 | INFO | Model 173 | training finished | total_elapsed=1.55s
2026-08-12 23:05:35,178 | INFO | === New model #174 params={'alpha': 1e-05, 'class_weight': None, 'eta0': 0.001, 'learning_rate': 'optimal', 'loss': 'log_loss', 'max_iter': 1000, 'n_iter_no_change': 10, 'penalty': 'l2', 'tol': 1e-05, 'validation_fraction': 0.1} ===
2026-08-12 23:05:36,447 | INFO | Model 174| f1=0.9758 recall=0.9539 loss_train=0.0215 loss_test=0.0255
2026-08-12 23:05:36,447 | INFO | Model 174 | training finished | total_elapsed=1.27s
2026-08-12 23:05:36,448 | INFO | === New model #175 params={'alpha': 1e-05, 'class_weight': None, 'eta0': 0.001, 'learning_rate': 'optimal', 'loss': 'log_loss', 'max_iter': 1000, 'n_iter_no_change': 10, 'penalty': 'l2', 'tol': 1e-05, 'validation_fraction': 0.2} ===
2026-08-12 23:05:38,523 | INFO | Model 175| f1=0.9761 recall=0.9545 loss_train=0.0220 loss_test=0.0257
2026-08-12 23:05:38,524 | INFO | Model 175 | training finished | total_elapsed=2.08s
2026-08-12 23:05:38,524 | INFO | === New model #176 params={'alpha': 1e-05, 'class_weight': None, 'eta0': 0.001, 'learning_rate': 'optimal', 'loss': 'log_loss', 'max_iter': 2000, 'n_iter_no_change': 5, 'penalty': 'l1', 'tol': 0.0001, 'validation_fraction': 0.1} ===
2026-08-12 23:05:40,865 | INFO | Model 176| f1=0.9701 recall=0.9477 loss_train=0.0257 loss_test=0.0260
2026-08-12 23:05:40,865 | INFO | Model 176 | training finished | total_elapsed=2.34s
2026-08-12 23:05:40,866 | INFO | === New model #177 params={'alpha': 1e-05, 'class_weight': None, 'eta0': 0.001, 'learning_rate': 'optimal', 'loss': 'log_loss', 'max_iter': 2000, 'n_iter_no_change': 5, 'penalty': 'l1', 'tol': 0.0001, 'validation_fraction': 0.2} ===
2026-08-12 23:05:42,979 | INFO | Model 177| f1=0.9711 recall=0.9483 loss_train=0.0259 loss_test=0.0262
2026-08-12 23:05:42,980 | INFO | Model 177 | training finished | total_elapsed=2.11s
2026-08-12 23:05:42,980 | INFO | === New model #178 params={'alpha': 1e-05, 'class_weight': None, 'eta0': 0.001, 'learning_rate': 'optimal', 'loss': 'log_loss', 'max_iter': 2000, 'n_iter_no_change': 5, 'penalty': 'l1', 'tol': 1e-05, 'validation_fraction': 0.1} ===
2026-08-12 23:05:46,558 | INFO | Model 178| f1=0.9704 recall=0.9480 loss_train=0.0255 loss_test=0.0259
2026-08-12 23:05:46,558 | INFO | Model 178 | training finished | total_elapsed=3.58s
2026-08-12 23:05:46,558 | INFO | === New model #179 params={'alpha': 1e-05, 'class_weight': None, 'eta0': 0.001, 'learning_rate': 'optimal', 'loss': 'log_loss', 'max_iter': 2000, 'n_iter_no_change': 5, 'penalty': 'l1', 'tol': 1e-05, 'validation_fraction': 0.2} ===
2026-08-12 23:05:48,823 | INFO | Model 179| f1=0.9711 recall=0.9483 loss_train=0.0259 loss_test=0.0262
2026-08-12 23:05:48,823 | INFO | Model 179 | training finished | total_elapsed=2.27s
2026-08-12 23:05:48,824 | INFO | === New model #180 params={'alpha': 1e-05, 'class_weight': None, 'eta0': 0.001, 'learning_rate': 'optimal', 'loss': 'log_loss', 'max_iter': 2000, 'n_iter_no_change': 5, 'penalty': 'l2', 'tol': 0.0001, 'validation_fraction': 0.1} ===
2026-08-12 23:05:49,780 | INFO | Model 180| f1=0.9766 recall=0.9554 loss_train=0.0215 loss_test=0.0254
2026-08-12 23:05:49,780 | INFO | Model 180 | training finished | total_elapsed=0.96s
2026-08-12 23:05:49,780 | INFO | === New model #181 params={'alpha': 1e-05, 'class_weight': None, 'eta0': 0.001, 'learning_rate': 'optimal', 'loss': 'log_loss', 'max_iter': 2000, 'n_iter_no_change': 5, 'penalty': 'l2', 'tol': 0.0001, 'validation_fraction': 0.2} ===
2026-08-12 23:05:50,705 | INFO | Model 181| f1=0.9768 recall=0.9557 loss_train=0.0219 loss_test=0.0256
2026-08-12 23:05:50,705 | INFO | Model 181 | training finished | total_elapsed=0.93s
2026-08-12 23:05:50,706 | INFO | === New model #182 params={'alpha': 1e-05, 'class_weight': None, 'eta0': 0.001, 'learning_rate': 'optimal', 'loss': 'log_loss', 'max_iter': 2000, 'n_iter_no_change': 5, 'penalty': 'l2', 'tol': 1e-05, 'validation_fraction': 0.1} ===
2026-08-12 23:05:51,665 | INFO | Model 182| f1=0.9766 recall=0.9554 loss_train=0.0215 loss_test=0.0254
2026-08-12 23:05:51,665 | INFO | Model 182 | training finished | total_elapsed=0.96s
2026-08-12 23:05:51,666 | INFO | === New model #183 params={'alpha': 1e-05, 'class_weight': None, 'eta0': 0.001, 'learning_rate': 'optimal', 'loss': 'log_loss', 'max_iter': 2000, 'n_iter_no_change': 5, 'penalty': 'l2', 'tol': 1e-05, 'validation_fraction': 0.2} ===
2026-08-12 23:05:52,998 | INFO | Model 183| f1=0.9757 recall=0.9536 loss_train=0.0220 loss_test=0.0257
2026-08-12 23:05:52,998 | INFO | Model 183 | training finished | total_elapsed=1.33s
2026-08-12 23:05:52,999 | INFO | === New model #184 params={'alpha': 1e-05, 'class_weight': None, 'eta0': 0.001, 'learning_rate': 'optimal', 'loss': 'log_loss', 'max_iter': 2000, 'n_iter_no_change': 10, 'penalty': 'l1', 'tol': 0.0001, 'validation_fraction': 0.1} ===
2026-08-12 23:05:56,485 | INFO | Model 184| f1=0.9704 recall=0.9480 loss_train=0.0255 loss_test=0.0259
2026-08-12 23:05:56,485 | INFO | Model 184 | training finished | total_elapsed=3.49s
2026-08-12 23:05:56,485 | INFO | === New model #185 params={'alpha': 1e-05, 'class_weight': None, 'eta0': 0.001, 'learning_rate': 'optimal', 'loss': 'log_loss', 'max_iter': 2000, 'n_iter_no_change': 10, 'penalty': 'l1', 'tol': 0.0001, 'validation_fraction': 0.2} ===
2026-08-12 23:05:59,956 | INFO | Model 185| f1=0.9709 recall=0.9480 loss_train=0.0258 loss_test=0.0260
2026-08-12 23:05:59,956 | INFO | Model 185 | training finished | total_elapsed=3.47s
2026-08-12 23:05:59,957 | INFO | === New model #186 params={'alpha': 1e-05, 'class_weight': None, 'eta0': 0.001, 'learning_rate': 'optimal', 'loss': 'log_loss', 'max_iter': 2000, 'n_iter_no_change': 10, 'penalty': 'l1', 'tol': 1e-05, 'validation_fraction': 0.1} ===
2026-08-12 23:06:05,173 | INFO | Model 186| f1=0.9709 recall=0.9488 loss_train=0.0254 loss_test=0.0258
2026-08-12 23:06:05,174 | INFO | Model 186 | training finished | total_elapsed=5.22s
2026-08-12 23:06:05,174 | INFO | === New model #187 params={'alpha': 1e-05, 'class_weight': None, 'eta0': 0.001, 'learning_rate': 'optimal', 'loss': 'log_loss', 'max_iter': 2000, 'n_iter_no_change': 10, 'penalty': 'l1', 'tol': 1e-05, 'validation_fraction': 0.2} ===
2026-08-12 23:06:12,947 | INFO | Model 187| f1=0.9709 recall=0.9480 loss_train=0.0256 loss_test=0.0258
2026-08-12 23:06:12,947 | INFO | Model 187 | training finished | total_elapsed=7.77s
2026-08-12 23:06:12,948 | INFO | === New model #188 params={'alpha': 1e-05, 'class_weight': None, 'eta0': 0.001, 'learning_rate': 'optimal', 'loss': 'log_loss', 'max_iter': 2000, 'n_iter_no_change': 10, 'penalty': 'l2', 'tol': 0.0001, 'validation_fraction': 0.1} ===
2026-08-12 23:06:14,451 | INFO | Model 188| f1=0.9758 recall=0.9539 loss_train=0.0215 loss_test=0.0255
2026-08-12 23:06:14,452 | INFO | Model 188 | training finished | total_elapsed=1.50s
2026-08-12 23:06:14,452 | INFO | === New model #189 params={'alpha': 1e-05, 'class_weight': None, 'eta0': 0.001, 'learning_rate': 'optimal', 'loss': 'log_loss', 'max_iter': 2000, 'n_iter_no_change': 10, 'penalty': 'l2', 'tol': 0.0001, 'validation_fraction': 0.2} ===
2026-08-12 23:06:15,905 | INFO | Model 189| f1=0.9757 recall=0.9536 loss_train=0.0220 loss_test=0.0257
2026-08-12 23:06:15,905 | INFO | Model 189 | training finished | total_elapsed=1.45s
2026-08-12 23:06:15,905 | INFO | === New model #190 params={'alpha': 1e-05, 'class_weight': None, 'eta0': 0.001, 'learning_rate': 'optimal', 'loss': 'log_loss', 'max_iter': 2000, 'n_iter_no_change': 10, 'penalty': 'l2', 'tol': 1e-05, 'validation_fraction': 0.1} ===
2026-08-12 23:06:17,397 | INFO | Model 190| f1=0.9758 recall=0.9539 loss_train=0.0215 loss_test=0.0255
2026-08-12 23:06:17,397 | INFO | Model 190 | training finished | total_elapsed=1.49s
2026-08-12 23:06:17,398 | INFO | === New model #191 params={'alpha': 1e-05, 'class_weight': None, 'eta0': 0.001, 'learning_rate': 'optimal', 'loss': 'log_loss', 'max_iter': 2000, 'n_iter_no_change': 10, 'penalty': 'l2', 'tol': 1e-05, 'validation_fraction': 0.2} ===
2026-08-12 23:06:19,357 | INFO | Model 191| f1=0.9761 recall=0.9545 loss_train=0.0220 loss_test=0.0257
2026-08-12 23:06:19,357 | INFO | Model 191 | training finished | total_elapsed=1.96s
2026-08-12 23:06:19,357 | INFO | === New model #192 params={'alpha': 1e-05, 'class_weight': None, 'eta0': 0.0001, 'learning_rate': 'optimal', 'loss': 'hinge', 'max_iter': 1000, 'n_iter_no_change': 5, 'penalty': 'l1', 'tol': 0.0001, 'validation_fraction': 0.1} ===
2026-08-12 23:06:20,763 | INFO | Model 192| f1=0.9783 recall=0.9626 loss_train=0.0131 loss_test=0.0145
2026-08-12 23:06:20,763 | INFO | Model 192 | training finished | total_elapsed=1.41s
2026-08-12 23:06:20,764 | INFO | === New model #193 params={'alpha': 1e-05, 'class_weight': None, 'eta0': 0.0001, 'learning_rate': 'optimal', 'loss': 'hinge', 'max_iter': 1000, 'n_iter_no_change': 5, 'penalty': 'l1', 'tol': 0.0001, 'validation_fraction': 0.2} ===
2026-08-12 23:06:22,368 | INFO | Model 193| f1=0.9785 recall=0.9644 loss_train=0.0132 loss_test=0.0145
2026-08-12 23:06:22,368 | INFO | Model 193 | training finished | total_elapsed=1.61s
2026-08-12 23:06:22,369 | INFO | === New model #194 params={'alpha': 1e-05, 'class_weight': None, 'eta0': 0.0001, 'learning_rate': 'optimal', 'loss': 'hinge', 'max_iter': 1000, 'n_iter_no_change': 5, 'penalty': 'l1', 'tol': 1e-05, 'validation_fraction': 0.1} ===
2026-08-12 23:06:23,620 | INFO | Model 194| f1=0.9783 recall=0.9626 loss_train=0.0131 loss_test=0.0145
2026-08-12 23:06:23,620 | INFO | Model 194 | training finished | total_elapsed=1.25s
2026-08-12 23:06:23,621 | INFO | === New model #195 params={'alpha': 1e-05, 'class_weight': None, 'eta0': 0.0001, 'learning_rate': 'optimal', 'loss': 'hinge', 'max_iter': 1000, 'n_iter_no_change': 5, 'penalty': 'l1', 'tol': 1e-05, 'validation_fraction': 0.2} ===
2026-08-12 23:06:25,299 | INFO | Model 195| f1=0.9785 recall=0.9644 loss_train=0.0132 loss_test=0.0145
2026-08-12 23:06:25,300 | INFO | Model 195 | training finished | total_elapsed=1.68s
2026-08-12 23:06:25,300 | INFO | === New model #196 params={'alpha': 1e-05, 'class_weight': None, 'eta0': 0.0001, 'learning_rate': 'optimal', 'loss': 'hinge', 'max_iter': 1000, 'n_iter_no_change': 5, 'penalty': 'l2', 'tol': 0.0001, 'validation_fraction': 0.1} ===
2026-08-12 23:06:26,232 | INFO | Model 196| f1=0.9857 recall=0.9776 loss_train=0.0044 loss_test=0.0130
2026-08-12 23:06:26,233 | INFO | Model 196 | training finished | total_elapsed=0.93s
2026-08-12 23:06:26,233 | INFO | === New model #197 params={'alpha': 1e-05, 'class_weight': None, 'eta0': 0.0001, 'learning_rate': 'optimal', 'loss': 'hinge', 'max_iter': 1000, 'n_iter_no_change': 5, 'penalty': 'l2', 'tol': 0.0001, 'validation_fraction': 0.2} ===
2026-08-12 23:06:26,933 | INFO | Model 197| f1=0.9849 recall=0.9773 loss_train=0.0054 loss_test=0.0136
2026-08-12 23:06:26,933 | INFO | Model 197 | training finished | total_elapsed=0.70s
2026-08-12 23:06:26,934 | INFO | === New model #198 params={'alpha': 1e-05, 'class_weight': None, 'eta0': 0.0001, 'learning_rate': 'optimal', 'loss': 'hinge', 'max_iter': 1000, 'n_iter_no_change': 5, 'penalty': 'l2', 'tol': 1e-05, 'validation_fraction': 0.1} ===
2026-08-12 23:06:27,665 | INFO | Model 198| f1=0.9857 recall=0.9776 loss_train=0.0044 loss_test=0.0130
2026-08-12 23:06:27,666 | INFO | Model 198 | training finished | total_elapsed=0.73s
2026-08-12 23:06:27,666 | INFO | === New model #199 params={'alpha': 1e-05, 'class_weight': None, 'eta0': 0.0001, 'learning_rate': 'optimal', 'loss': 'hinge', 'max_iter': 1000, 'n_iter_no_change': 5, 'penalty': 'l2', 'tol': 1e-05, 'validation_fraction': 0.2} ===
2026-08-12 23:06:28,449 | INFO | Model 199| f1=0.9849 recall=0.9773 loss_train=0.0054 loss_test=0.0136
2026-08-12 23:06:28,449 | INFO | Model 199 | training finished | total_elapsed=0.78s
2026-08-12 23:06:28,450 | INFO | === New model #200 params={'alpha': 1e-05, 'class_weight': None, 'eta0': 0.0001, 'learning_rate': 'optimal', 'loss': 'hinge', 'max_iter': 1000, 'n_iter_no_change': 10, 'penalty': 'l1', 'tol': 0.0001, 'validation_fraction': 0.1} ===
2026-08-12 23:06:31,161 | INFO | Model 200| f1=0.9781 recall=0.9635 loss_train=0.0130 loss_test=0.0146
2026-08-12 23:06:31,161 | INFO | Model 200 | training finished | total_elapsed=2.71s
2026-08-12 23:06:31,161 | INFO | === New model #201 params={'alpha': 1e-05, 'class_weight': None, 'eta0': 0.0001, 'learning_rate': 'optimal', 'loss': 'hinge', 'max_iter': 1000, 'n_iter_no_change': 10, 'penalty': 'l1', 'tol': 0.0001, 'validation_fraction': 0.2} ===
2026-08-12 23:06:33,819 | INFO | Model 201| f1=0.9787 recall=0.9644 loss_train=0.0132 loss_test=0.0144
2026-08-12 23:06:33,820 | INFO | Model 201 | training finished | total_elapsed=2.66s
2026-08-12 23:06:33,820 | INFO | === New model #202 params={'alpha': 1e-05, 'class_weight': None, 'eta0': 0.0001, 'learning_rate': 'optimal', 'loss': 'hinge', 'max_iter': 1000, 'n_iter_no_change': 10, 'penalty': 'l1', 'tol': 1e-05, 'validation_fraction': 0.1} ===
2026-08-12 23:06:38,931 | INFO | Model 202| f1=0.9775 recall=0.9626 loss_train=0.0129 loss_test=0.0147
2026-08-12 23:06:38,931 | INFO | Model 202 | training finished | total_elapsed=5.11s
2026-08-12 23:06:38,932 | INFO | === New model #203 params={'alpha': 1e-05, 'class_weight': None, 'eta0': 0.0001, 'learning_rate': 'optimal', 'loss': 'hinge', 'max_iter': 1000, 'n_iter_no_change': 10, 'penalty': 'l1', 'tol': 1e-05, 'validation_fraction': 0.2} ===
2026-08-12 23:06:42,249 | INFO | Model 203| f1=0.9795 recall=0.9662 loss_train=0.0132 loss_test=0.0145
2026-08-12 23:06:42,249 | INFO | Model 203 | training finished | total_elapsed=3.32s
2026-08-12 23:06:42,249 | INFO | === New model #204 params={'alpha': 1e-05, 'class_weight': None, 'eta0': 0.0001, 'learning_rate': 'optimal', 'loss': 'hinge', 'max_iter': 1000, 'n_iter_no_change': 10, 'penalty': 'l2', 'tol': 0.0001, 'validation_fraction': 0.1} ===
2026-08-12 23:06:43,391 | INFO | Model 204| f1=0.9858 recall=0.9788 loss_train=0.0041 loss_test=0.0139
2026-08-12 23:06:43,391 | INFO | Model 204 | training finished | total_elapsed=1.14s
2026-08-12 23:06:43,391 | INFO | === New model #205 params={'alpha': 1e-05, 'class_weight': None, 'eta0': 0.0001, 'learning_rate': 'optimal', 'loss': 'hinge', 'max_iter': 1000, 'n_iter_no_change': 10, 'penalty': 'l2', 'tol': 0.0001, 'validation_fraction': 0.2} ===
2026-08-12 23:06:44,460 | INFO | Model 205| f1=0.9855 recall=0.9776 loss_train=0.0053 loss_test=0.0145
2026-08-12 23:06:44,460 | INFO | Model 205 | training finished | total_elapsed=1.07s
2026-08-12 23:06:44,460 | INFO | === New model #206 params={'alpha': 1e-05, 'class_weight': None, 'eta0': 0.0001, 'learning_rate': 'optimal', 'loss': 'hinge', 'max_iter': 1000, 'n_iter_no_change': 10, 'penalty': 'l2', 'tol': 1e-05, 'validation_fraction': 0.1} ===
2026-08-12 23:06:45,497 | INFO | Model 206| f1=0.9858 recall=0.9788 loss_train=0.0041 loss_test=0.0139
2026-08-12 23:06:45,497 | INFO | Model 206 | training finished | total_elapsed=1.04s
2026-08-12 23:06:45,498 | INFO | === New model #207 params={'alpha': 1e-05, 'class_weight': None, 'eta0': 0.0001, 'learning_rate': 'optimal', 'loss': 'hinge', 'max_iter': 1000, 'n_iter_no_change': 10, 'penalty': 'l2', 'tol': 1e-05, 'validation_fraction': 0.2} ===
2026-08-12 23:06:46,589 | INFO | Model 207| f1=0.9855 recall=0.9776 loss_train=0.0053 loss_test=0.0145
2026-08-12 23:06:46,589 | INFO | Model 207 | training finished | total_elapsed=1.09s
2026-08-12 23:06:46,590 | INFO | === New model #208 params={'alpha': 1e-05, 'class_weight': None, 'eta0': 0.0001, 'learning_rate': 'optimal', 'loss': 'hinge', 'max_iter': 2000, 'n_iter_no_change': 5, 'penalty': 'l1', 'tol': 0.0001, 'validation_fraction': 0.1} ===
2026-08-12 23:06:47,865 | INFO | Model 208| f1=0.9783 recall=0.9626 loss_train=0.0131 loss_test=0.0145
2026-08-12 23:06:47,866 | INFO | Model 208 | training finished | total_elapsed=1.28s
2026-08-12 23:06:47,866 | INFO | === New model #209 params={'alpha': 1e-05, 'class_weight': None, 'eta0': 0.0001, 'learning_rate': 'optimal', 'loss': 'hinge', 'max_iter': 2000, 'n_iter_no_change': 5, 'penalty': 'l1', 'tol': 0.0001, 'validation_fraction': 0.2} ===
2026-08-12 23:06:49,382 | INFO | Model 209| f1=0.9785 recall=0.9644 loss_train=0.0132 loss_test=0.0145
2026-08-12 23:06:49,382 | INFO | Model 209 | training finished | total_elapsed=1.52s
2026-08-12 23:06:49,382 | INFO | === New model #210 params={'alpha': 1e-05, 'class_weight': None, 'eta0': 0.0001, 'learning_rate': 'optimal', 'loss': 'hinge', 'max_iter': 2000, 'n_iter_no_change': 5, 'penalty': 'l1', 'tol': 1e-05, 'validation_fraction': 0.1} ===
2026-08-12 23:06:50,657 | INFO | Model 210| f1=0.9783 recall=0.9626 loss_train=0.0131 loss_test=0.0145
2026-08-12 23:06:50,657 | INFO | Model 210 | training finished | total_elapsed=1.28s
2026-08-12 23:06:50,658 | INFO | === New model #211 params={'alpha': 1e-05, 'class_weight': None, 'eta0': 0.0001, 'learning_rate': 'optimal', 'loss': 'hinge', 'max_iter': 2000, 'n_iter_no_change': 5, 'penalty': 'l1', 'tol': 1e-05, 'validation_fraction': 0.2} ===
2026-08-12 23:06:52,059 | INFO | Model 211| f1=0.9785 recall=0.9644 loss_train=0.0132 loss_test=0.0145
2026-08-12 23:06:52,059 | INFO | Model 211 | training finished | total_elapsed=1.40s
2026-08-12 23:06:52,059 | INFO | === New model #212 params={'alpha': 1e-05, 'class_weight': None, 'eta0': 0.0001, 'learning_rate': 'optimal', 'loss': 'hinge', 'max_iter': 2000, 'n_iter_no_change': 5, 'penalty': 'l2', 'tol': 0.0001, 'validation_fraction': 0.1} ===
2026-08-12 23:06:52,717 | INFO | Model 212| f1=0.9857 recall=0.9776 loss_train=0.0044 loss_test=0.0130
2026-08-12 23:06:52,717 | INFO | Model 212 | training finished | total_elapsed=0.66s
2026-08-12 23:06:52,718 | INFO | === New model #213 params={'alpha': 1e-05, 'class_weight': None, 'eta0': 0.0001, 'learning_rate': 'optimal', 'loss': 'hinge', 'max_iter': 2000, 'n_iter_no_change': 5, 'penalty': 'l2', 'tol': 0.0001, 'validation_fraction': 0.2} ===
2026-08-12 23:06:53,422 | INFO | Model 213| f1=0.9849 recall=0.9773 loss_train=0.0054 loss_test=0.0136
2026-08-12 23:06:53,422 | INFO | Model 213 | training finished | total_elapsed=0.70s
2026-08-12 23:06:53,422 | INFO | === New model #214 params={'alpha': 1e-05, 'class_weight': None, 'eta0': 0.0001, 'learning_rate': 'optimal', 'loss': 'hinge', 'max_iter': 2000, 'n_iter_no_change': 5, 'penalty': 'l2', 'tol': 1e-05, 'validation_fraction': 0.1} ===
2026-08-12 23:06:54,152 | INFO | Model 214| f1=0.9857 recall=0.9776 loss_train=0.0044 loss_test=0.0130
2026-08-12 23:06:54,152 | INFO | Model 214 | training finished | total_elapsed=0.73s
2026-08-12 23:06:54,152 | INFO | === New model #215 params={'alpha': 1e-05, 'class_weight': None, 'eta0': 0.0001, 'learning_rate': 'optimal', 'loss': 'hinge', 'max_iter': 2000, 'n_iter_no_change': 5, 'penalty': 'l2', 'tol': 1e-05, 'validation_fraction': 0.2} ===
2026-08-12 23:06:54,861 | INFO | Model 215| f1=0.9849 recall=0.9773 loss_train=0.0054 loss_test=0.0136
2026-08-12 23:06:54,862 | INFO | Model 215 | training finished | total_elapsed=0.71s
2026-08-12 23:06:54,862 | INFO | === New model #216 params={'alpha': 1e-05, 'class_weight': None, 'eta0': 0.0001, 'learning_rate': 'optimal', 'loss': 'hinge', 'max_iter': 2000, 'n_iter_no_change': 10, 'penalty': 'l1', 'tol': 0.0001, 'validation_fraction': 0.1} ===
2026-08-12 23:06:56,925 | INFO | Model 216| f1=0.9781 recall=0.9635 loss_train=0.0130 loss_test=0.0146
2026-08-12 23:06:56,925 | INFO | Model 216 | training finished | total_elapsed=2.06s
2026-08-12 23:06:56,925 | INFO | === New model #217 params={'alpha': 1e-05, 'class_weight': None, 'eta0': 0.0001, 'learning_rate': 'optimal', 'loss': 'hinge', 'max_iter': 2000, 'n_iter_no_change': 10, 'penalty': 'l1', 'tol': 0.0001, 'validation_fraction': 0.2} ===
2026-08-12 23:06:59,147 | INFO | Model 217| f1=0.9787 recall=0.9644 loss_train=0.0132 loss_test=0.0144
2026-08-12 23:06:59,147 | INFO | Model 217 | training finished | total_elapsed=2.22s
2026-08-12 23:06:59,148 | INFO | === New model #218 params={'alpha': 1e-05, 'class_weight': None, 'eta0': 0.0001, 'learning_rate': 'optimal', 'loss': 'hinge', 'max_iter': 2000, 'n_iter_no_change': 10, 'penalty': 'l1', 'tol': 1e-05, 'validation_fraction': 0.1} ===
2026-08-12 23:07:04,020 | INFO | Model 218| f1=0.9775 recall=0.9626 loss_train=0.0129 loss_test=0.0147
2026-08-12 23:07:04,020 | INFO | Model 218 | training finished | total_elapsed=4.87s
2026-08-12 23:07:04,020 | INFO | === New model #219 params={'alpha': 1e-05, 'class_weight': None, 'eta0': 0.0001, 'learning_rate': 'optimal', 'loss': 'hinge', 'max_iter': 2000, 'n_iter_no_change': 10, 'penalty': 'l1', 'tol': 1e-05, 'validation_fraction': 0.2} ===
2026-08-12 23:07:07,294 | INFO | Model 219| f1=0.9795 recall=0.9662 loss_train=0.0132 loss_test=0.0145
2026-08-12 23:07:07,295 | INFO | Model 219 | training finished | total_elapsed=3.27s
2026-08-12 23:07:07,295 | INFO | === New model #220 params={'alpha': 1e-05, 'class_weight': None, 'eta0': 0.0001, 'learning_rate': 'optimal', 'loss': 'hinge', 'max_iter': 2000, 'n_iter_no_change': 10, 'penalty': 'l2', 'tol': 0.0001, 'validation_fraction': 0.1} ===
2026-08-12 23:07:08,310 | INFO | Model 220| f1=0.9858 recall=0.9788 loss_train=0.0041 loss_test=0.0139
2026-08-12 23:07:08,310 | INFO | Model 220 | training finished | total_elapsed=1.02s
2026-08-12 23:07:08,311 | INFO | === New model #221 params={'alpha': 1e-05, 'class_weight': None, 'eta0': 0.0001, 'learning_rate': 'optimal', 'loss': 'hinge', 'max_iter': 2000, 'n_iter_no_change': 10, 'penalty': 'l2', 'tol': 0.0001, 'validation_fraction': 0.2} ===
2026-08-12 23:07:09,426 | INFO | Model 221| f1=0.9855 recall=0.9776 loss_train=0.0053 loss_test=0.0145
2026-08-12 23:07:09,426 | INFO | Model 221 | training finished | total_elapsed=1.12s
2026-08-12 23:07:09,427 | INFO | === New model #222 params={'alpha': 1e-05, 'class_weight': None, 'eta0': 0.0001, 'learning_rate': 'optimal', 'loss': 'hinge', 'max_iter': 2000, 'n_iter_no_change': 10, 'penalty': 'l2', 'tol': 1e-05, 'validation_fraction': 0.1} ===
2026-08-12 23:07:10,456 | INFO | Model 222| f1=0.9858 recall=0.9788 loss_train=0.0041 loss_test=0.0139
2026-08-12 23:07:10,456 | INFO | Model 222 | training finished | total_elapsed=1.03s
2026-08-12 23:07:10,457 | INFO | === New model #223 params={'alpha': 1e-05, 'class_weight': None, 'eta0': 0.0001, 'learning_rate': 'optimal', 'loss': 'hinge', 'max_iter': 2000, 'n_iter_no_change': 10, 'penalty': 'l2', 'tol': 1e-05, 'validation_fraction': 0.2} ===
2026-08-12 23:07:11,505 | INFO | Model 223| f1=0.9855 recall=0.9776 loss_train=0.0053 loss_test=0.0145
2026-08-12 23:07:11,505 | INFO | Model 223 | training finished | total_elapsed=1.05s
2026-08-12 23:07:11,506 | INFO | === New model #224 params={'alpha': 1e-05, 'class_weight': None, 'eta0': 0.0001, 'learning_rate': 'optimal', 'loss': 'log_loss', 'max_iter': 1000, 'n_iter_no_change': 5, 'penalty': 'l1', 'tol': 0.0001, 'validation_fraction': 0.1} ===
2026-08-12 23:07:13,711 | INFO | Model 224| f1=0.9701 recall=0.9477 loss_train=0.0257 loss_test=0.0260
2026-08-12 23:07:13,711 | INFO | Model 224 | training finished | total_elapsed=2.21s
2026-08-12 23:07:13,711 | INFO | === New model #225 params={'alpha': 1e-05, 'class_weight': None, 'eta0': 0.0001, 'learning_rate': 'optimal', 'loss': 'log_loss', 'max_iter': 1000, 'n_iter_no_change': 5, 'penalty': 'l1', 'tol': 0.0001, 'validation_fraction': 0.2} ===
2026-08-12 23:07:15,923 | INFO | Model 225| f1=0.9711 recall=0.9483 loss_train=0.0259 loss_test=0.0262
2026-08-12 23:07:15,923 | INFO | Model 225 | training finished | total_elapsed=2.21s
2026-08-12 23:07:15,923 | INFO | === New model #226 params={'alpha': 1e-05, 'class_weight': None, 'eta0': 0.0001, 'learning_rate': 'optimal', 'loss': 'log_loss', 'max_iter': 1000, 'n_iter_no_change': 5, 'penalty': 'l1', 'tol': 1e-05, 'validation_fraction': 0.1} ===
2026-08-12 23:07:19,296 | INFO | Model 226| f1=0.9704 recall=0.9480 loss_train=0.0255 loss_test=0.0259
2026-08-12 23:07:19,297 | INFO | Model 226 | training finished | total_elapsed=3.37s
2026-08-12 23:07:19,297 | INFO | === New model #227 params={'alpha': 1e-05, 'class_weight': None, 'eta0': 0.0001, 'learning_rate': 'optimal', 'loss': 'log_loss', 'max_iter': 1000, 'n_iter_no_change': 5, 'penalty': 'l1', 'tol': 1e-05, 'validation_fraction': 0.2} ===
2026-08-12 23:07:21,497 | INFO | Model 227| f1=0.9711 recall=0.9483 loss_train=0.0259 loss_test=0.0262
2026-08-12 23:07:21,498 | INFO | Model 227 | training finished | total_elapsed=2.20s
2026-08-12 23:07:21,498 | INFO | === New model #228 params={'alpha': 1e-05, 'class_weight': None, 'eta0': 0.0001, 'learning_rate': 'optimal', 'loss': 'log_loss', 'max_iter': 1000, 'n_iter_no_change': 5, 'penalty': 'l2', 'tol': 0.0001, 'validation_fraction': 0.1} ===
2026-08-12 23:07:22,434 | INFO | Model 228| f1=0.9766 recall=0.9554 loss_train=0.0215 loss_test=0.0254
2026-08-12 23:07:22,434 | INFO | Model 228 | training finished | total_elapsed=0.94s
2026-08-12 23:07:22,435 | INFO | === New model #229 params={'alpha': 1e-05, 'class_weight': None, 'eta0': 0.0001, 'learning_rate': 'optimal', 'loss': 'log_loss', 'max_iter': 1000, 'n_iter_no_change': 5, 'penalty': 'l2', 'tol': 0.0001, 'validation_fraction': 0.2} ===
2026-08-12 23:07:23,368 | INFO | Model 229| f1=0.9768 recall=0.9557 loss_train=0.0219 loss_test=0.0256
2026-08-12 23:07:23,368 | INFO | Model 229 | training finished | total_elapsed=0.93s
2026-08-12 23:07:23,369 | INFO | === New model #230 params={'alpha': 1e-05, 'class_weight': None, 'eta0': 0.0001, 'learning_rate': 'optimal', 'loss': 'log_loss', 'max_iter': 1000, 'n_iter_no_change': 5, 'penalty': 'l2', 'tol': 1e-05, 'validation_fraction': 0.1} ===
2026-08-12 23:07:24,279 | INFO | Model 230| f1=0.9766 recall=0.9554 loss_train=0.0215 loss_test=0.0254
2026-08-12 23:07:24,279 | INFO | Model 230 | training finished | total_elapsed=0.91s
2026-08-12 23:07:24,279 | INFO | === New model #231 params={'alpha': 1e-05, 'class_weight': None, 'eta0': 0.0001, 'learning_rate': 'optimal', 'loss': 'log_loss', 'max_iter': 1000, 'n_iter_no_change': 5, 'penalty': 'l2', 'tol': 1e-05, 'validation_fraction': 0.2} ===
2026-08-12 23:07:25,783 | INFO | Model 231| f1=0.9757 recall=0.9536 loss_train=0.0220 loss_test=0.0257
2026-08-12 23:07:25,783 | INFO | Model 231 | training finished | total_elapsed=1.50s
2026-08-12 23:07:25,784 | INFO | === New model #232 params={'alpha': 1e-05, 'class_weight': None, 'eta0': 0.0001, 'learning_rate': 'optimal', 'loss': 'log_loss', 'max_iter': 1000, 'n_iter_no_change': 10, 'penalty': 'l1', 'tol': 0.0001, 'validation_fraction': 0.1} ===
2026-08-12 23:07:29,345 | INFO | Model 232| f1=0.9704 recall=0.9480 loss_train=0.0255 loss_test=0.0259
2026-08-12 23:07:29,345 | INFO | Model 232 | training finished | total_elapsed=3.56s
2026-08-12 23:07:29,346 | INFO | === New model #233 params={'alpha': 1e-05, 'class_weight': None, 'eta0': 0.0001, 'learning_rate': 'optimal', 'loss': 'log_loss', 'max_iter': 1000, 'n_iter_no_change': 10, 'penalty': 'l1', 'tol': 0.0001, 'validation_fraction': 0.2} ===
2026-08-12 23:07:32,648 | INFO | Model 233| f1=0.9709 recall=0.9480 loss_train=0.0258 loss_test=0.0260
2026-08-12 23:07:32,648 | INFO | Model 233 | training finished | total_elapsed=3.30s
2026-08-12 23:07:32,648 | INFO | === New model #234 params={'alpha': 1e-05, 'class_weight': None, 'eta0': 0.0001, 'learning_rate': 'optimal', 'loss': 'log_loss', 'max_iter': 1000, 'n_iter_no_change': 10, 'penalty': 'l1', 'tol': 1e-05, 'validation_fraction': 0.1} ===
2026-08-12 23:07:37,301 | INFO | Model 234| f1=0.9709 recall=0.9488 loss_train=0.0254 loss_test=0.0258
2026-08-12 23:07:37,301 | INFO | Model 234 | training finished | total_elapsed=4.65s
2026-08-12 23:07:37,302 | INFO | === New model #235 params={'alpha': 1e-05, 'class_weight': None, 'eta0': 0.0001, 'learning_rate': 'optimal', 'loss': 'log_loss', 'max_iter': 1000, 'n_iter_no_change': 10, 'penalty': 'l1', 'tol': 1e-05, 'validation_fraction': 0.2} ===
2026-08-12 23:07:44,023 | INFO | Model 235| f1=0.9709 recall=0.9480 loss_train=0.0256 loss_test=0.0258
2026-08-12 23:07:44,023 | INFO | Model 235 | training finished | total_elapsed=6.72s
2026-08-12 23:07:44,023 | INFO | === New model #236 params={'alpha': 1e-05, 'class_weight': None, 'eta0': 0.0001, 'learning_rate': 'optimal', 'loss': 'log_loss', 'max_iter': 1000, 'n_iter_no_change': 10, 'penalty': 'l2', 'tol': 0.0001, 'validation_fraction': 0.1} ===
2026-08-12 23:07:45,390 | INFO | Model 236| f1=0.9758 recall=0.9539 loss_train=0.0215 loss_test=0.0255
2026-08-12 23:07:45,390 | INFO | Model 236 | training finished | total_elapsed=1.37s
2026-08-12 23:07:45,390 | INFO | === New model #237 params={'alpha': 1e-05, 'class_weight': None, 'eta0': 0.0001, 'learning_rate': 'optimal', 'loss': 'log_loss', 'max_iter': 1000, 'n_iter_no_change': 10, 'penalty': 'l2', 'tol': 0.0001, 'validation_fraction': 0.2} ===
2026-08-12 23:07:46,826 | INFO | Model 237| f1=0.9757 recall=0.9536 loss_train=0.0220 loss_test=0.0257
2026-08-12 23:07:46,826 | INFO | Model 237 | training finished | total_elapsed=1.44s
2026-08-12 23:07:46,827 | INFO | === New model #238 params={'alpha': 1e-05, 'class_weight': None, 'eta0': 0.0001, 'learning_rate': 'optimal', 'loss': 'log_loss', 'max_iter': 1000, 'n_iter_no_change': 10, 'penalty': 'l2', 'tol': 1e-05, 'validation_fraction': 0.1} ===
2026-08-12 23:07:48,195 | INFO | Model 238| f1=0.9758 recall=0.9539 loss_train=0.0215 loss_test=0.0255
2026-08-12 23:07:48,195 | INFO | Model 238 | training finished | total_elapsed=1.37s
2026-08-12 23:07:48,195 | INFO | === New model #239 params={'alpha': 1e-05, 'class_weight': None, 'eta0': 0.0001, 'learning_rate': 'optimal', 'loss': 'log_loss', 'max_iter': 1000, 'n_iter_no_change': 10, 'penalty': 'l2', 'tol': 1e-05, 'validation_fraction': 0.2} ===
2026-08-12 23:07:50,002 | INFO | Model 239| f1=0.9761 recall=0.9545 loss_train=0.0220 loss_test=0.0257
2026-08-12 23:07:50,002 | INFO | Model 239 | training finished | total_elapsed=1.81s
2026-08-12 23:07:50,003 | INFO | === New model #240 params={'alpha': 1e-05, 'class_weight': None, 'eta0': 0.0001, 'learning_rate': 'optimal', 'loss': 'log_loss', 'max_iter': 2000, 'n_iter_no_change': 5, 'penalty': 'l1', 'tol': 0.0001, 'validation_fraction': 0.1} ===
2026-08-12 23:07:52,326 | INFO | Model 240| f1=0.9701 recall=0.9477 loss_train=0.0257 loss_test=0.0260
2026-08-12 23:07:52,326 | INFO | Model 240 | training finished | total_elapsed=2.32s
2026-08-12 23:07:52,327 | INFO | === New model #241 params={'alpha': 1e-05, 'class_weight': None, 'eta0': 0.0001, 'learning_rate': 'optimal', 'loss': 'log_loss', 'max_iter': 2000, 'n_iter_no_change': 5, 'penalty': 'l1', 'tol': 0.0001, 'validation_fraction': 0.2} ===
2026-08-12 23:07:54,372 | INFO | Model 241| f1=0.9711 recall=0.9483 loss_train=0.0259 loss_test=0.0262
2026-08-12 23:07:54,372 | INFO | Model 241 | training finished | total_elapsed=2.05s
2026-08-12 23:07:54,372 | INFO | === New model #242 params={'alpha': 1e-05, 'class_weight': None, 'eta0': 0.0001, 'learning_rate': 'optimal', 'loss': 'log_loss', 'max_iter': 2000, 'n_iter_no_change': 5, 'penalty': 'l1', 'tol': 1e-05, 'validation_fraction': 0.1} ===
2026-08-12 23:07:57,731 | INFO | Model 242| f1=0.9704 recall=0.9480 loss_train=0.0255 loss_test=0.0259
2026-08-12 23:07:57,731 | INFO | Model 242 | training finished | total_elapsed=3.36s
2026-08-12 23:07:57,732 | INFO | === New model #243 params={'alpha': 1e-05, 'class_weight': None, 'eta0': 0.0001, 'learning_rate': 'optimal', 'loss': 'log_loss', 'max_iter': 2000, 'n_iter_no_change': 5, 'penalty': 'l1', 'tol': 1e-05, 'validation_fraction': 0.2} ===
2026-08-12 23:07:59,874 | INFO | Model 243| f1=0.9711 recall=0.9483 loss_train=0.0259 loss_test=0.0262
2026-08-12 23:07:59,874 | INFO | Model 243 | training finished | total_elapsed=2.14s
2026-08-12 23:07:59,874 | INFO | === New model #244 params={'alpha': 1e-05, 'class_weight': None, 'eta0': 0.0001, 'learning_rate': 'optimal', 'loss': 'log_loss', 'max_iter': 2000, 'n_iter_no_change': 5, 'penalty': 'l2', 'tol': 0.0001, 'validation_fraction': 0.1} ===
2026-08-12 23:08:00,773 | INFO | Model 244| f1=0.9766 recall=0.9554 loss_train=0.0215 loss_test=0.0254
2026-08-12 23:08:00,773 | INFO | Model 244 | training finished | total_elapsed=0.90s
2026-08-12 23:08:00,774 | INFO | === New model #245 params={'alpha': 1e-05, 'class_weight': None, 'eta0': 0.0001, 'learning_rate': 'optimal', 'loss': 'log_loss', 'max_iter': 2000, 'n_iter_no_change': 5, 'penalty': 'l2', 'tol': 0.0001, 'validation_fraction': 0.2} ===
2026-08-12 23:08:01,665 | INFO | Model 245| f1=0.9768 recall=0.9557 loss_train=0.0219 loss_test=0.0256
2026-08-12 23:08:01,665 | INFO | Model 245 | training finished | total_elapsed=0.89s
2026-08-12 23:08:01,665 | INFO | === New model #246 params={'alpha': 1e-05, 'class_weight': None, 'eta0': 0.0001, 'learning_rate': 'optimal', 'loss': 'log_loss', 'max_iter': 2000, 'n_iter_no_change': 5, 'penalty': 'l2', 'tol': 1e-05, 'validation_fraction': 0.1} ===
2026-08-12 23:08:02,636 | INFO | Model 246| f1=0.9766 recall=0.9554 loss_train=0.0215 loss_test=0.0254
2026-08-12 23:08:02,636 | INFO | Model 246 | training finished | total_elapsed=0.97s
2026-08-12 23:08:02,637 | INFO | === New model #247 params={'alpha': 1e-05, 'class_weight': None, 'eta0': 0.0001, 'learning_rate': 'optimal', 'loss': 'log_loss', 'max_iter': 2000, 'n_iter_no_change': 5, 'penalty': 'l2', 'tol': 1e-05, 'validation_fraction': 0.2} ===
2026-08-12 23:08:04,033 | INFO | Model 247| f1=0.9757 recall=0.9536 loss_train=0.0220 loss_test=0.0257
2026-08-12 23:08:04,033 | INFO | Model 247 | training finished | total_elapsed=1.40s
2026-08-12 23:08:04,034 | INFO | === New model #248 params={'alpha': 1e-05, 'class_weight': None, 'eta0': 0.0001, 'learning_rate': 'optimal', 'loss': 'log_loss', 'max_iter': 2000, 'n_iter_no_change': 10, 'penalty': 'l1', 'tol': 0.0001, 'validation_fraction': 0.1} ===
2026-08-12 23:08:07,473 | INFO | Model 248| f1=0.9704 recall=0.9480 loss_train=0.0255 loss_test=0.0259
2026-08-12 23:08:07,473 | INFO | Model 248 | training finished | total_elapsed=3.44s
2026-08-12 23:08:07,473 | INFO | === New model #249 params={'alpha': 1e-05, 'class_weight': None, 'eta0': 0.0001, 'learning_rate': 'optimal', 'loss': 'log_loss', 'max_iter': 2000, 'n_iter_no_change': 10, 'penalty': 'l1', 'tol': 0.0001, 'validation_fraction': 0.2} ===
2026-08-12 23:08:10,669 | INFO | Model 249| f1=0.9709 recall=0.9480 loss_train=0.0258 loss_test=0.0260
2026-08-12 23:08:10,670 | INFO | Model 249 | training finished | total_elapsed=3.20s
2026-08-12 23:08:10,670 | INFO | === New model #250 params={'alpha': 1e-05, 'class_weight': None, 'eta0': 0.0001, 'learning_rate': 'optimal', 'loss': 'log_loss', 'max_iter': 2000, 'n_iter_no_change': 10, 'penalty': 'l1', 'tol': 1e-05, 'validation_fraction': 0.1} ===
2026-08-12 23:08:15,298 | INFO | Model 250| f1=0.9709 recall=0.9488 loss_train=0.0254 loss_test=0.0258
2026-08-12 23:08:15,298 | INFO | Model 250 | training finished | total_elapsed=4.63s
2026-08-12 23:08:15,299 | INFO | === New model #251 params={'alpha': 1e-05, 'class_weight': None, 'eta0': 0.0001, 'learning_rate': 'optimal', 'loss': 'log_loss', 'max_iter': 2000, 'n_iter_no_change': 10, 'penalty': 'l1', 'tol': 1e-05, 'validation_fraction': 0.2} ===
2026-08-12 23:08:22,044 | INFO | Model 251| f1=0.9709 recall=0.9480 loss_train=0.0256 loss_test=0.0258
2026-08-12 23:08:22,044 | INFO | Model 251 | training finished | total_elapsed=6.75s
2026-08-12 23:08:22,045 | INFO | === New model #252 params={'alpha': 1e-05, 'class_weight': None, 'eta0': 0.0001, 'learning_rate': 'optimal', 'loss': 'log_loss', 'max_iter': 2000, 'n_iter_no_change': 10, 'penalty': 'l2', 'tol': 0.0001, 'validation_fraction': 0.1} ===
2026-08-12 23:08:23,490 | INFO | Model 252| f1=0.9758 recall=0.9539 loss_train=0.0215 loss_test=0.0255
2026-08-12 23:08:23,491 | INFO | Model 252 | training finished | total_elapsed=1.45s
2026-08-12 23:08:23,491 | INFO | === New model #253 params={'alpha': 1e-05, 'class_weight': None, 'eta0': 0.0001, 'learning_rate': 'optimal', 'loss': 'log_loss', 'max_iter': 2000, 'n_iter_no_change': 10, 'penalty': 'l2', 'tol': 0.0001, 'validation_fraction': 0.2} ===
2026-08-12 23:08:24,857 | INFO | Model 253| f1=0.9757 recall=0.9536 loss_train=0.0220 loss_test=0.0257
2026-08-12 23:08:24,857 | INFO | Model 253 | training finished | total_elapsed=1.37s
2026-08-12 23:08:24,857 | INFO | === New model #254 params={'alpha': 1e-05, 'class_weight': None, 'eta0': 0.0001, 'learning_rate': 'optimal', 'loss': 'log_loss', 'max_iter': 2000, 'n_iter_no_change': 10, 'penalty': 'l2', 'tol': 1e-05, 'validation_fraction': 0.1} ===
2026-08-12 23:08:26,261 | INFO | Model 254| f1=0.9758 recall=0.9539 loss_train=0.0215 loss_test=0.0255
2026-08-12 23:08:26,261 | INFO | Model 254 | training finished | total_elapsed=1.40s
2026-08-12 23:08:26,261 | INFO | === New model #255 params={'alpha': 1e-05, 'class_weight': None, 'eta0': 0.0001, 'learning_rate': 'optimal', 'loss': 'log_loss', 'max_iter': 2000, 'n_iter_no_change': 10, 'penalty': 'l2', 'tol': 1e-05, 'validation_fraction': 0.2} ===
2026-08-12 23:08:28,149 | INFO | Model 255| f1=0.9761 recall=0.9545 loss_train=0.0220 loss_test=0.0257
2026-08-12 23:08:28,150 | INFO | Model 255 | training finished | total_elapsed=1.89s
2026-08-12 23:08:28,150 | INFO | === New model #256 params={'alpha': 1e-06, 'class_weight': {np.int64(0): np.float64(0.570472416046546), np.int64(1): np.float64(4.0474872868680825)}, 'eta0': 0.001, 'learning_rate': 'optimal', 'loss': 'hinge', 'max_iter': 1000, 'n_iter_no_change': 5, 'penalty': 'l1', 'tol': 0.0001, 'validation_fraction': 0.1} ===
2026-08-12 23:08:31,066 | INFO | Model 256| f1=0.9791 recall=0.9827 loss_train=0.0115 loss_test=0.0575
2026-08-12 23:08:31,066 | INFO | Model 256 | training finished | total_elapsed=2.92s
2026-08-12 23:08:31,067 | INFO | === New model #257 params={'alpha': 1e-06, 'class_weight': {np.int64(0): np.float64(0.570472416046546), np.int64(1): np.float64(4.0474872868680825)}, 'eta0': 0.001, 'learning_rate': 'optimal', 'loss': 'hinge', 'max_iter': 1000, 'n_iter_no_change': 5, 'penalty': 'l1', 'tol': 0.0001, 'validation_fraction': 0.2} ===
2026-08-12 23:08:35,034 | INFO | Model 257| f1=0.9790 recall=0.9821 loss_train=0.0181 loss_test=0.0599
2026-08-12 23:08:35,034 | INFO | Model 257 | training finished | total_elapsed=3.97s
2026-08-12 23:08:35,035 | INFO | === New model #258 params={'alpha': 1e-06, 'class_weight': {np.int64(0): np.float64(0.570472416046546), np.int64(1): np.float64(4.0474872868680825)}, 'eta0': 0.001, 'learning_rate': 'optimal', 'loss': 'hinge', 'max_iter': 1000, 'n_iter_no_change': 5, 'penalty': 'l1', 'tol': 1e-05, 'validation_fraction': 0.1} ===
2026-08-12 23:08:38,574 | INFO | Model 258| f1=0.9796 recall=0.9832 loss_train=0.0106 loss_test=0.0557
2026-08-12 23:08:38,574 | INFO | Model 258 | training finished | total_elapsed=3.54s
2026-08-12 23:08:38,575 | INFO | === New model #259 params={'alpha': 1e-06, 'class_weight': {np.int64(0): np.float64(0.570472416046546), np.int64(1): np.float64(4.0474872868680825)}, 'eta0': 0.001, 'learning_rate': 'optimal', 'loss': 'hinge', 'max_iter': 1000, 'n_iter_no_change': 5, 'penalty': 'l1', 'tol': 1e-05, 'validation_fraction': 0.2} ===
2026-08-12 23:08:42,642 | INFO | Model 259| f1=0.9784 recall=0.9818 loss_train=0.0179 loss_test=0.0598
2026-08-12 23:08:42,642 | INFO | Model 259 | training finished | total_elapsed=4.07s
2026-08-12 23:08:42,642 | INFO | === New model #260 params={'alpha': 1e-06, 'class_weight': {np.int64(0): np.float64(0.570472416046546), np.int64(1): np.float64(4.0474872868680825)}, 'eta0': 0.001, 'learning_rate': 'optimal', 'loss': 'hinge', 'max_iter': 1000, 'n_iter_no_change': 5, 'penalty': 'l2', 'tol': 0.0001, 'validation_fraction': 0.1} ===
2026-08-12 23:08:43,374 | INFO | Model 260| f1=0.9801 recall=0.9853 loss_train=0.0079 loss_test=0.0174
2026-08-12 23:08:43,374 | INFO | Model 260 | training finished | total_elapsed=0.73s
2026-08-12 23:08:43,375 | INFO | === New model #261 params={'alpha': 1e-06, 'class_weight': {np.int64(0): np.float64(0.570472416046546), np.int64(1): np.float64(4.0474872868680825)}, 'eta0': 0.001, 'learning_rate': 'optimal', 'loss': 'hinge', 'max_iter': 1000, 'n_iter_no_change': 5, 'penalty': 'l2', 'tol': 0.0001, 'validation_fraction': 0.2} ===
2026-08-12 23:08:44,127 | INFO | Model 261| f1=0.9796 recall=0.9856 loss_train=0.0070 loss_test=0.0170
2026-08-12 23:08:44,128 | INFO | Model 261 | training finished | total_elapsed=0.75s
2026-08-12 23:08:44,128 | INFO | === New model #262 params={'alpha': 1e-06, 'class_weight': {np.int64(0): np.float64(0.570472416046546), np.int64(1): np.float64(4.0474872868680825)}, 'eta0': 0.001, 'learning_rate': 'optimal', 'loss': 'hinge', 'max_iter': 1000, 'n_iter_no_change': 5, 'penalty': 'l2', 'tol': 1e-05, 'validation_fraction': 0.1} ===
2026-08-12 23:08:44,810 | INFO | Model 262| f1=0.9801 recall=0.9853 loss_train=0.0079 loss_test=0.0174
2026-08-12 23:08:44,810 | INFO | Model 262 | training finished | total_elapsed=0.68s
2026-08-12 23:08:44,811 | INFO | === New model #263 params={'alpha': 1e-06, 'class_weight': {np.int64(0): np.float64(0.570472416046546), np.int64(1): np.float64(4.0474872868680825)}, 'eta0': 0.001, 'learning_rate': 'optimal', 'loss': 'hinge', 'max_iter': 1000, 'n_iter_no_change': 5, 'penalty': 'l2', 'tol': 1e-05, 'validation_fraction': 0.2} ===
2026-08-12 23:08:45,583 | INFO | Model 263| f1=0.9796 recall=0.9856 loss_train=0.0070 loss_test=0.0170
2026-08-12 23:08:45,583 | INFO | Model 263 | training finished | total_elapsed=0.77s
2026-08-12 23:08:45,584 | INFO | === New model #264 params={'alpha': 1e-06, 'class_weight': {np.int64(0): np.float64(0.570472416046546), np.int64(1): np.float64(4.0474872868680825)}, 'eta0': 0.001, 'learning_rate': 'optimal', 'loss': 'hinge', 'max_iter': 1000, 'n_iter_no_change': 10, 'penalty': 'l1', 'tol': 0.0001, 'validation_fraction': 0.1} ===
2026-08-12 23:08:49,852 | INFO | Model 264| f1=0.9796 recall=0.9824 loss_train=0.0098 loss_test=0.0544
2026-08-12 23:08:49,852 | INFO | Model 264 | training finished | total_elapsed=4.27s
2026-08-12 23:08:49,853 | INFO | === New model #265 params={'alpha': 1e-06, 'class_weight': {np.int64(0): np.float64(0.570472416046546), np.int64(1): np.float64(4.0474872868680825)}, 'eta0': 0.001, 'learning_rate': 'optimal', 'loss': 'hinge', 'max_iter': 1000, 'n_iter_no_change': 10, 'penalty': 'l1', 'tol': 0.0001, 'validation_fraction': 0.2} ===
2026-08-12 23:08:56,672 | INFO | Model 265| f1=0.9783 recall=0.9800 loss_train=0.0162 loss_test=0.0564
2026-08-12 23:08:56,672 | INFO | Model 265 | training finished | total_elapsed=6.82s
2026-08-12 23:08:56,673 | INFO | === New model #266 params={'alpha': 1e-06, 'class_weight': {np.int64(0): np.float64(0.570472416046546), np.int64(1): np.float64(4.0474872868680825)}, 'eta0': 0.001, 'learning_rate': 'optimal', 'loss': 'hinge', 'max_iter': 1000, 'n_iter_no_change': 10, 'penalty': 'l1', 'tol': 1e-05, 'validation_fraction': 0.1} ===
2026-08-12 23:09:01,458 | INFO | Model 266| f1=0.9791 recall=0.9824 loss_train=0.0096 loss_test=0.0541
2026-08-12 23:09:01,458 | INFO | Model 266 | training finished | total_elapsed=4.79s
2026-08-12 23:09:01,459 | INFO | === New model #267 params={'alpha': 1e-06, 'class_weight': {np.int64(0): np.float64(0.570472416046546), np.int64(1): np.float64(4.0474872868680825)}, 'eta0': 0.001, 'learning_rate': 'optimal', 'loss': 'hinge', 'max_iter': 1000, 'n_iter_no_change': 10, 'penalty': 'l1', 'tol': 1e-05, 'validation_fraction': 0.2} ===
2026-08-12 23:09:08,438 | INFO | Model 267| f1=0.9783 recall=0.9800 loss_train=0.0162 loss_test=0.0564
2026-08-12 23:09:08,438 | INFO | Model 267 | training finished | total_elapsed=6.98s
2026-08-12 23:09:08,438 | INFO | === New model #268 params={'alpha': 1e-06, 'class_weight': {np.int64(0): np.float64(0.570472416046546), np.int64(1): np.float64(4.0474872868680825)}, 'eta0': 0.001, 'learning_rate': 'optimal', 'loss': 'hinge', 'max_iter': 1000, 'n_iter_no_change': 10, 'penalty': 'l2', 'tol': 0.0001, 'validation_fraction': 0.1} ===
2026-08-12 23:09:09,633 | INFO | Model 268| f1=0.9791 recall=0.9868 loss_train=0.0040 loss_test=0.0149
2026-08-12 23:09:09,633 | INFO | Model 268 | training finished | total_elapsed=1.20s
2026-08-12 23:09:09,633 | INFO | === New model #269 params={'alpha': 1e-06, 'class_weight': {np.int64(0): np.float64(0.570472416046546), np.int64(1): np.float64(4.0474872868680825)}, 'eta0': 0.001, 'learning_rate': 'optimal', 'loss': 'hinge', 'max_iter': 1000, 'n_iter_no_change': 10, 'penalty': 'l2', 'tol': 0.0001, 'validation_fraction': 0.2} ===
2026-08-12 23:09:10,988 | INFO | Model 269| f1=0.9812 recall=0.9847 loss_train=0.0041 loss_test=0.0138
2026-08-12 23:09:10,989 | INFO | Model 269 | training finished | total_elapsed=1.36s
2026-08-12 23:09:10,989 | INFO | === New model #270 params={'alpha': 1e-06, 'class_weight': {np.int64(0): np.float64(0.570472416046546), np.int64(1): np.float64(4.0474872868680825)}, 'eta0': 0.001, 'learning_rate': 'optimal', 'loss': 'hinge', 'max_iter': 1000, 'n_iter_no_change': 10, 'penalty': 'l2', 'tol': 1e-05, 'validation_fraction': 0.1} ===
2026-08-12 23:09:12,223 | INFO | Model 270| f1=0.9791 recall=0.9868 loss_train=0.0040 loss_test=0.0149
2026-08-12 23:09:12,223 | INFO | Model 270 | training finished | total_elapsed=1.23s
2026-08-12 23:09:12,224 | INFO | === New model #271 params={'alpha': 1e-06, 'class_weight': {np.int64(0): np.float64(0.570472416046546), np.int64(1): np.float64(4.0474872868680825)}, 'eta0': 0.001, 'learning_rate': 'optimal', 'loss': 'hinge', 'max_iter': 1000, 'n_iter_no_change': 10, 'penalty': 'l2', 'tol': 1e-05, 'validation_fraction': 0.2} ===
2026-08-12 23:09:13,550 | INFO | Model 271| f1=0.9812 recall=0.9847 loss_train=0.0041 loss_test=0.0138
2026-08-12 23:09:13,550 | INFO | Model 271 | training finished | total_elapsed=1.33s
2026-08-12 23:09:13,550 | INFO | === New model #272 params={'alpha': 1e-06, 'class_weight': {np.int64(0): np.float64(0.570472416046546), np.int64(1): np.float64(4.0474872868680825)}, 'eta0': 0.001, 'learning_rate': 'optimal', 'loss': 'hinge', 'max_iter': 2000, 'n_iter_no_change': 5, 'penalty': 'l1', 'tol': 0.0001, 'validation_fraction': 0.1} ===
2026-08-12 23:09:16,576 | INFO | Model 272| f1=0.9791 recall=0.9827 loss_train=0.0115 loss_test=0.0575
2026-08-12 23:09:16,577 | INFO | Model 272 | training finished | total_elapsed=3.03s
2026-08-12 23:09:16,577 | INFO | === New model #273 params={'alpha': 1e-06, 'class_weight': {np.int64(0): np.float64(0.570472416046546), np.int64(1): np.float64(4.0474872868680825)}, 'eta0': 0.001, 'learning_rate': 'optimal', 'loss': 'hinge', 'max_iter': 2000, 'n_iter_no_change': 5, 'penalty': 'l1', 'tol': 0.0001, 'validation_fraction': 0.2} ===
2026-08-12 23:09:20,486 | INFO | Model 273| f1=0.9790 recall=0.9821 loss_train=0.0181 loss_test=0.0599
2026-08-12 23:09:20,486 | INFO | Model 273 | training finished | total_elapsed=3.91s
2026-08-12 23:09:20,487 | INFO | === New model #274 params={'alpha': 1e-06, 'class_weight': {np.int64(0): np.float64(0.570472416046546), np.int64(1): np.float64(4.0474872868680825)}, 'eta0': 0.001, 'learning_rate': 'optimal', 'loss': 'hinge', 'max_iter': 2000, 'n_iter_no_change': 5, 'penalty': 'l1', 'tol': 1e-05, 'validation_fraction': 0.1} ===
2026-08-12 23:09:23,938 | INFO | Model 274| f1=0.9796 recall=0.9832 loss_train=0.0106 loss_test=0.0557
2026-08-12 23:09:23,938 | INFO | Model 274 | training finished | total_elapsed=3.45s
2026-08-12 23:09:23,939 | INFO | === New model #275 params={'alpha': 1e-06, 'class_weight': {np.int64(0): np.float64(0.570472416046546), np.int64(1): np.float64(4.0474872868680825)}, 'eta0': 0.001, 'learning_rate': 'optimal', 'loss': 'hinge', 'max_iter': 2000, 'n_iter_no_change': 5, 'penalty': 'l1', 'tol': 1e-05, 'validation_fraction': 0.2} ===
2026-08-12 23:09:28,164 | INFO | Model 275| f1=0.9784 recall=0.9818 loss_train=0.0179 loss_test=0.0598
2026-08-12 23:09:28,164 | INFO | Model 275 | training finished | total_elapsed=4.23s
2026-08-12 23:09:28,164 | INFO | === New model #276 params={'alpha': 1e-06, 'class_weight': {np.int64(0): np.float64(0.570472416046546), np.int64(1): np.float64(4.0474872868680825)}, 'eta0': 0.001, 'learning_rate': 'optimal', 'loss': 'hinge', 'max_iter': 2000, 'n_iter_no_change': 5, 'penalty': 'l2', 'tol': 0.0001, 'validation_fraction': 0.1} ===
2026-08-12 23:09:28,835 | INFO | Model 276| f1=0.9801 recall=0.9853 loss_train=0.0079 loss_test=0.0174
2026-08-12 23:09:28,835 | INFO | Model 276 | training finished | total_elapsed=0.67s
2026-08-12 23:09:28,836 | INFO | === New model #277 params={'alpha': 1e-06, 'class_weight': {np.int64(0): np.float64(0.570472416046546), np.int64(1): np.float64(4.0474872868680825)}, 'eta0': 0.001, 'learning_rate': 'optimal', 'loss': 'hinge', 'max_iter': 2000, 'n_iter_no_change': 5, 'penalty': 'l2', 'tol': 0.0001, 'validation_fraction': 0.2} ===
2026-08-12 23:09:29,567 | INFO | Model 277| f1=0.9796 recall=0.9856 loss_train=0.0070 loss_test=0.0170
2026-08-12 23:09:29,568 | INFO | Model 277 | training finished | total_elapsed=0.73s
2026-08-12 23:09:29,568 | INFO | === New model #278 params={'alpha': 1e-06, 'class_weight': {np.int64(0): np.float64(0.570472416046546), np.int64(1): np.float64(4.0474872868680825)}, 'eta0': 0.001, 'learning_rate': 'optimal', 'loss': 'hinge', 'max_iter': 2000, 'n_iter_no_change': 5, 'penalty': 'l2', 'tol': 1e-05, 'validation_fraction': 0.1} ===
2026-08-12 23:09:30,230 | INFO | Model 278| f1=0.9801 recall=0.9853 loss_train=0.0079 loss_test=0.0174
2026-08-12 23:09:30,231 | INFO | Model 278 | training finished | total_elapsed=0.66s
2026-08-12 23:09:30,231 | INFO | === New model #279 params={'alpha': 1e-06, 'class_weight': {np.int64(0): np.float64(0.570472416046546), np.int64(1): np.float64(4.0474872868680825)}, 'eta0': 0.001, 'learning_rate': 'optimal', 'loss': 'hinge', 'max_iter': 2000, 'n_iter_no_change': 5, 'penalty': 'l2', 'tol': 1e-05, 'validation_fraction': 0.2} ===
2026-08-12 23:09:30,986 | INFO | Model 279| f1=0.9796 recall=0.9856 loss_train=0.0070 loss_test=0.0170
2026-08-12 23:09:30,986 | INFO | Model 279 | training finished | total_elapsed=0.76s
2026-08-12 23:09:30,986 | INFO | === New model #280 params={'alpha': 1e-06, 'class_weight': {np.int64(0): np.float64(0.570472416046546), np.int64(1): np.float64(4.0474872868680825)}, 'eta0': 0.001, 'learning_rate': 'optimal', 'loss': 'hinge', 'max_iter': 2000, 'n_iter_no_change': 10, 'penalty': 'l1', 'tol': 0.0001, 'validation_fraction': 0.1} ===
2026-08-12 23:09:35,272 | INFO | Model 280| f1=0.9796 recall=0.9824 loss_train=0.0098 loss_test=0.0544
2026-08-12 23:09:35,272 | INFO | Model 280 | training finished | total_elapsed=4.29s
2026-08-12 23:09:35,272 | INFO | === New model #281 params={'alpha': 1e-06, 'class_weight': {np.int64(0): np.float64(0.570472416046546), np.int64(1): np.float64(4.0474872868680825)}, 'eta0': 0.001, 'learning_rate': 'optimal', 'loss': 'hinge', 'max_iter': 2000, 'n_iter_no_change': 10, 'penalty': 'l1', 'tol': 0.0001, 'validation_fraction': 0.2} ===
2026-08-12 23:09:42,141 | INFO | Model 281| f1=0.9783 recall=0.9800 loss_train=0.0162 loss_test=0.0564
2026-08-12 23:09:42,141 | INFO | Model 281 | training finished | total_elapsed=6.87s
2026-08-12 23:09:42,142 | INFO | === New model #282 params={'alpha': 1e-06, 'class_weight': {np.int64(0): np.float64(0.570472416046546), np.int64(1): np.float64(4.0474872868680825)}, 'eta0': 0.001, 'learning_rate': 'optimal', 'loss': 'hinge', 'max_iter': 2000, 'n_iter_no_change': 10, 'penalty': 'l1', 'tol': 1e-05, 'validation_fraction': 0.1} ===
2026-08-12 23:09:46,981 | INFO | Model 282| f1=0.9791 recall=0.9824 loss_train=0.0096 loss_test=0.0541
2026-08-12 23:09:46,981 | INFO | Model 282 | training finished | total_elapsed=4.84s
2026-08-12 23:09:46,982 | INFO | === New model #283 params={'alpha': 1e-06, 'class_weight': {np.int64(0): np.float64(0.570472416046546), np.int64(1): np.float64(4.0474872868680825)}, 'eta0': 0.001, 'learning_rate': 'optimal', 'loss': 'hinge', 'max_iter': 2000, 'n_iter_no_change': 10, 'penalty': 'l1', 'tol': 1e-05, 'validation_fraction': 0.2} ===
2026-08-12 23:09:53,851 | INFO | Model 283| f1=0.9783 recall=0.9800 loss_train=0.0162 loss_test=0.0564
2026-08-12 23:09:53,851 | INFO | Model 283 | training finished | total_elapsed=6.87s
2026-08-12 23:09:53,851 | INFO | === New model #284 params={'alpha': 1e-06, 'class_weight': {np.int64(0): np.float64(0.570472416046546), np.int64(1): np.float64(4.0474872868680825)}, 'eta0': 0.001, 'learning_rate': 'optimal', 'loss': 'hinge', 'max_iter': 2000, 'n_iter_no_change': 10, 'penalty': 'l2', 'tol': 0.0001, 'validation_fraction': 0.1} ===
2026-08-12 23:09:54,887 | INFO | Model 284| f1=0.9791 recall=0.9868 loss_train=0.0040 loss_test=0.0149
2026-08-12 23:09:54,888 | INFO | Model 284 | training finished | total_elapsed=1.04s
2026-08-12 23:09:54,888 | INFO | === New model #285 params={'alpha': 1e-06, 'class_weight': {np.int64(0): np.float64(0.570472416046546), np.int64(1): np.float64(4.0474872868680825)}, 'eta0': 0.001, 'learning_rate': 'optimal', 'loss': 'hinge', 'max_iter': 2000, 'n_iter_no_change': 10, 'penalty': 'l2', 'tol': 0.0001, 'validation_fraction': 0.2} ===
2026-08-12 23:09:56,012 | INFO | Model 285| f1=0.9812 recall=0.9847 loss_train=0.0041 loss_test=0.0138
2026-08-12 23:09:56,013 | INFO | Model 285 | training finished | total_elapsed=1.12s
2026-08-12 23:09:56,013 | INFO | === New model #286 params={'alpha': 1e-06, 'class_weight': {np.int64(0): np.float64(0.570472416046546), np.int64(1): np.float64(4.0474872868680825)}, 'eta0': 0.001, 'learning_rate': 'optimal', 'loss': 'hinge', 'max_iter': 2000, 'n_iter_no_change': 10, 'penalty': 'l2', 'tol': 1e-05, 'validation_fraction': 0.1} ===
2026-08-12 23:09:57,142 | INFO | Model 286| f1=0.9791 recall=0.9868 loss_train=0.0040 loss_test=0.0149
2026-08-12 23:09:57,142 | INFO | Model 286 | training finished | total_elapsed=1.13s
2026-08-12 23:09:57,143 | INFO | === New model #287 params={'alpha': 1e-06, 'class_weight': {np.int64(0): np.float64(0.570472416046546), np.int64(1): np.float64(4.0474872868680825)}, 'eta0': 0.001, 'learning_rate': 'optimal', 'loss': 'hinge', 'max_iter': 2000, 'n_iter_no_change': 10, 'penalty': 'l2', 'tol': 1e-05, 'validation_fraction': 0.2} ===
2026-08-12 23:09:58,244 | INFO | Model 287| f1=0.9812 recall=0.9847 loss_train=0.0041 loss_test=0.0138
2026-08-12 23:09:58,244 | INFO | Model 287 | training finished | total_elapsed=1.10s
2026-08-12 23:09:58,245 | INFO | === New model #288 params={'alpha': 1e-06, 'class_weight': {np.int64(0): np.float64(0.570472416046546), np.int64(1): np.float64(4.0474872868680825)}, 'eta0': 0.001, 'learning_rate': 'optimal', 'loss': 'log_loss', 'max_iter': 1000, 'n_iter_no_change': 5, 'penalty': 'l1', 'tol': 0.0001, 'validation_fraction': 0.1} ===
2026-08-12 23:10:00,333 | INFO | Model 288| f1=0.9784 recall=0.9818 loss_train=0.0133 loss_test=0.0536
2026-08-12 23:10:00,333 | INFO | Model 288 | training finished | total_elapsed=2.09s
2026-08-12 23:10:00,334 | INFO | === New model #289 params={'alpha': 1e-06, 'class_weight': {np.int64(0): np.float64(0.570472416046546), np.int64(1): np.float64(4.0474872868680825)}, 'eta0': 0.001, 'learning_rate': 'optimal', 'loss': 'log_loss', 'max_iter': 1000, 'n_iter_no_change': 5, 'penalty': 'l1', 'tol': 0.0001, 'validation_fraction': 0.2} ===
2026-08-12 23:10:02,385 | INFO | Model 289| f1=0.9762 recall=0.9824 loss_train=0.0207 loss_test=0.0555
2026-08-12 23:10:02,385 | INFO | Model 289 | training finished | total_elapsed=2.05s
2026-08-12 23:10:02,386 | INFO | === New model #290 params={'alpha': 1e-06, 'class_weight': {np.int64(0): np.float64(0.570472416046546), np.int64(1): np.float64(4.0474872868680825)}, 'eta0': 0.001, 'learning_rate': 'optimal', 'loss': 'log_loss', 'max_iter': 1000, 'n_iter_no_change': 5, 'penalty': 'l1', 'tol': 1e-05, 'validation_fraction': 0.1} ===
2026-08-12 23:10:04,480 | INFO | Model 290| f1=0.9784 recall=0.9818 loss_train=0.0133 loss_test=0.0536
2026-08-12 23:10:04,480 | INFO | Model 290 | training finished | total_elapsed=2.10s
2026-08-12 23:10:04,481 | INFO | === New model #291 params={'alpha': 1e-06, 'class_weight': {np.int64(0): np.float64(0.570472416046546), np.int64(1): np.float64(4.0474872868680825)}, 'eta0': 0.001, 'learning_rate': 'optimal', 'loss': 'log_loss', 'max_iter': 1000, 'n_iter_no_change': 5, 'penalty': 'l1', 'tol': 1e-05, 'validation_fraction': 0.2} ===
2026-08-12 23:10:06,430 | INFO | Model 291| f1=0.9762 recall=0.9824 loss_train=0.0207 loss_test=0.0555
2026-08-12 23:10:06,430 | INFO | Model 291 | training finished | total_elapsed=1.95s
2026-08-12 23:10:06,431 | INFO | === New model #292 params={'alpha': 1e-06, 'class_weight': {np.int64(0): np.float64(0.570472416046546), np.int64(1): np.float64(4.0474872868680825)}, 'eta0': 0.001, 'learning_rate': 'optimal', 'loss': 'log_loss', 'max_iter': 1000, 'n_iter_no_change': 5, 'penalty': 'l2', 'tol': 0.0001, 'validation_fraction': 0.1} ===
2026-08-12 23:10:07,514 | INFO | Model 292| f1=0.9837 recall=0.9856 loss_train=0.0071 loss_test=0.0151
2026-08-12 23:10:07,514 | INFO | Model 292 | training finished | total_elapsed=1.08s
2026-08-12 23:10:07,515 | INFO | === New model #293 params={'alpha': 1e-06, 'class_weight': {np.int64(0): np.float64(0.570472416046546), np.int64(1): np.float64(4.0474872868680825)}, 'eta0': 0.001, 'learning_rate': 'optimal', 'loss': 'log_loss', 'max_iter': 1000, 'n_iter_no_change': 5, 'penalty': 'l2', 'tol': 0.0001, 'validation_fraction': 0.2} ===
2026-08-12 23:10:08,595 | INFO | Model 293| f1=0.9852 recall=0.9856 loss_train=0.0070 loss_test=0.0144
2026-08-12 23:10:08,595 | INFO | Model 293 | training finished | total_elapsed=1.08s
2026-08-12 23:10:08,595 | INFO | === New model #294 params={'alpha': 1e-06, 'class_weight': {np.int64(0): np.float64(0.570472416046546), np.int64(1): np.float64(4.0474872868680825)}, 'eta0': 0.001, 'learning_rate': 'optimal', 'loss': 'log_loss', 'max_iter': 1000, 'n_iter_no_change': 5, 'penalty': 'l2', 'tol': 1e-05, 'validation_fraction': 0.1} ===
2026-08-12 23:10:09,697 | INFO | Model 294| f1=0.9845 recall=0.9859 loss_train=0.0065 loss_test=0.0145
2026-08-12 23:10:09,697 | INFO | Model 294 | training finished | total_elapsed=1.10s
2026-08-12 23:10:09,698 | INFO | === New model #295 params={'alpha': 1e-06, 'class_weight': {np.int64(0): np.float64(0.570472416046546), np.int64(1): np.float64(4.0474872868680825)}, 'eta0': 0.001, 'learning_rate': 'optimal', 'loss': 'log_loss', 'max_iter': 1000, 'n_iter_no_change': 5, 'penalty': 'l2', 'tol': 1e-05, 'validation_fraction': 0.2} ===
2026-08-12 23:10:11,002 | INFO | Model 295| f1=0.9852 recall=0.9865 loss_train=0.0072 loss_test=0.0142
2026-08-12 23:10:11,002 | INFO | Model 295 | training finished | total_elapsed=1.30s
2026-08-12 23:10:11,003 | INFO | === New model #296 params={'alpha': 1e-06, 'class_weight': {np.int64(0): np.float64(0.570472416046546), np.int64(1): np.float64(4.0474872868680825)}, 'eta0': 0.001, 'learning_rate': 'optimal', 'loss': 'log_loss', 'max_iter': 1000, 'n_iter_no_change': 10, 'penalty': 'l1', 'tol': 0.0001, 'validation_fraction': 0.1} ===
2026-08-12 23:10:14,721 | INFO | Model 296| f1=0.9787 recall=0.9806 loss_train=0.0102 loss_test=0.0495
2026-08-12 23:10:14,721 | INFO | Model 296 | training finished | total_elapsed=3.72s
2026-08-12 23:10:14,722 | INFO | === New model #297 params={'alpha': 1e-06, 'class_weight': {np.int64(0): np.float64(0.570472416046546), np.int64(1): np.float64(4.0474872868680825)}, 'eta0': 0.001, 'learning_rate': 'optimal', 'loss': 'log_loss', 'max_iter': 1000, 'n_iter_no_change': 10, 'penalty': 'l1', 'tol': 0.0001, 'validation_fraction': 0.2} ===
2026-08-12 23:10:18,200 | INFO | Model 297| f1=0.9767 recall=0.9827 loss_train=0.0174 loss_test=0.0510
2026-08-12 23:10:18,200 | INFO | Model 297 | training finished | total_elapsed=3.48s
2026-08-12 23:10:18,200 | INFO | === New model #298 params={'alpha': 1e-06, 'class_weight': {np.int64(0): np.float64(0.570472416046546), np.int64(1): np.float64(4.0474872868680825)}, 'eta0': 0.001, 'learning_rate': 'optimal', 'loss': 'log_loss', 'max_iter': 1000, 'n_iter_no_change': 10, 'penalty': 'l1', 'tol': 1e-05, 'validation_fraction': 0.1} ===
2026-08-12 23:10:21,807 | INFO | Model 298| f1=0.9787 recall=0.9806 loss_train=0.0102 loss_test=0.0495
2026-08-12 23:10:21,808 | INFO | Model 298 | training finished | total_elapsed=3.61s
2026-08-12 23:10:21,808 | INFO | === New model #299 params={'alpha': 1e-06, 'class_weight': {np.int64(0): np.float64(0.570472416046546), np.int64(1): np.float64(4.0474872868680825)}, 'eta0': 0.001, 'learning_rate': 'optimal', 'loss': 'log_loss', 'max_iter': 1000, 'n_iter_no_change': 10, 'penalty': 'l1', 'tol': 1e-05, 'validation_fraction': 0.2} ===
2026-08-12 23:10:25,226 | INFO | Model 299| f1=0.9767 recall=0.9827 loss_train=0.0174 loss_test=0.0510
2026-08-12 23:10:25,226 | INFO | Model 299 | training finished | total_elapsed=3.42s
2026-08-12 23:10:25,226 | INFO | === New model #300 params={'alpha': 1e-06, 'class_weight': {np.int64(0): np.float64(0.570472416046546), np.int64(1): np.float64(4.0474872868680825)}, 'eta0': 0.001, 'learning_rate': 'optimal', 'loss': 'log_loss', 'max_iter': 1000, 'n_iter_no_change': 10, 'penalty': 'l2', 'tol': 0.0001, 'validation_fraction': 0.1} ===
2026-08-12 23:10:26,735 | INFO | Model 300| f1=0.9865 recall=0.9859 loss_train=0.0062 loss_test=0.0137
2026-08-12 23:10:26,735 | INFO | Model 300 | training finished | total_elapsed=1.51s
2026-08-12 23:10:26,736 | INFO | === New model #301 params={'alpha': 1e-06, 'class_weight': {np.int64(0): np.float64(0.570472416046546), np.int64(1): np.float64(4.0474872868680825)}, 'eta0': 0.001, 'learning_rate': 'optimal', 'loss': 'log_loss', 'max_iter': 1000, 'n_iter_no_change': 10, 'penalty': 'l2', 'tol': 0.0001, 'validation_fraction': 0.2} ===
2026-08-12 23:10:29,312 | INFO | Model 301| f1=0.9862 recall=0.9853 loss_train=0.0071 loss_test=0.0137
2026-08-12 23:10:29,312 | INFO | Model 301 | training finished | total_elapsed=2.58s
2026-08-12 23:10:29,312 | INFO | === New model #302 params={'alpha': 1e-06, 'class_weight': {np.int64(0): np.float64(0.570472416046546), np.int64(1): np.float64(4.0474872868680825)}, 'eta0': 0.001, 'learning_rate': 'optimal', 'loss': 'log_loss', 'max_iter': 1000, 'n_iter_no_change': 10, 'penalty': 'l2', 'tol': 1e-05, 'validation_fraction': 0.1} ===
2026-08-12 23:10:31,285 | INFO | Model 302| f1=0.9859 recall=0.9850 loss_train=0.0064 loss_test=0.0137
2026-08-12 23:10:31,286 | INFO | Model 302 | training finished | total_elapsed=1.97s
2026-08-12 23:10:31,286 | INFO | === New model #303 params={'alpha': 1e-06, 'class_weight': {np.int64(0): np.float64(0.570472416046546), np.int64(1): np.float64(4.0474872868680825)}, 'eta0': 0.001, 'learning_rate': 'optimal', 'loss': 'log_loss', 'max_iter': 1000, 'n_iter_no_change': 10, 'penalty': 'l2', 'tol': 1e-05, 'validation_fraction': 0.2} ===
2026-08-12 23:10:33,446 | INFO | Model 303| f1=0.9864 recall=0.9859 loss_train=0.0071 loss_test=0.0137
2026-08-12 23:10:33,446 | INFO | Model 303 | training finished | total_elapsed=2.16s
2026-08-12 23:10:33,447 | INFO | === New model #304 params={'alpha': 1e-06, 'class_weight': {np.int64(0): np.float64(0.570472416046546), np.int64(1): np.float64(4.0474872868680825)}, 'eta0': 0.001, 'learning_rate': 'optimal', 'loss': 'log_loss', 'max_iter': 2000, 'n_iter_no_change': 5, 'penalty': 'l1', 'tol': 0.0001, 'validation_fraction': 0.1} ===
2026-08-12 23:10:35,951 | INFO | Model 304| f1=0.9784 recall=0.9818 loss_train=0.0133 loss_test=0.0536
2026-08-12 23:10:35,951 | INFO | Model 304 | training finished | total_elapsed=2.51s
2026-08-12 23:10:35,952 | INFO | === New model #305 params={'alpha': 1e-06, 'class_weight': {np.int64(0): np.float64(0.570472416046546), np.int64(1): np.float64(4.0474872868680825)}, 'eta0': 0.001, 'learning_rate': 'optimal', 'loss': 'log_loss', 'max_iter': 2000, 'n_iter_no_change': 5, 'penalty': 'l1', 'tol': 0.0001, 'validation_fraction': 0.2} ===
2026-08-12 23:10:38,564 | INFO | Model 305| f1=0.9762 recall=0.9824 loss_train=0.0207 loss_test=0.0555
2026-08-12 23:10:38,564 | INFO | Model 305 | training finished | total_elapsed=2.61s
2026-08-12 23:10:38,565 | INFO | === New model #306 params={'alpha': 1e-06, 'class_weight': {np.int64(0): np.float64(0.570472416046546), np.int64(1): np.float64(4.0474872868680825)}, 'eta0': 0.001, 'learning_rate': 'optimal', 'loss': 'log_loss', 'max_iter': 2000, 'n_iter_no_change': 5, 'penalty': 'l1', 'tol': 1e-05, 'validation_fraction': 0.1} ===
2026-08-12 23:10:41,342 | INFO | Model 306| f1=0.9784 recall=0.9818 loss_train=0.0133 loss_test=0.0536
2026-08-12 23:10:41,343 | INFO | Model 306 | training finished | total_elapsed=2.78s
2026-08-12 23:10:41,343 | INFO | === New model #307 params={'alpha': 1e-06, 'class_weight': {np.int64(0): np.float64(0.570472416046546), np.int64(1): np.float64(4.0474872868680825)}, 'eta0': 0.001, 'learning_rate': 'optimal', 'loss': 'log_loss', 'max_iter': 2000, 'n_iter_no_change': 5, 'penalty': 'l1', 'tol': 1e-05, 'validation_fraction': 0.2} ===
2026-08-12 23:10:43,752 | INFO | Model 307| f1=0.9762 recall=0.9824 loss_train=0.0207 loss_test=0.0555
2026-08-12 23:10:43,752 | INFO | Model 307 | training finished | total_elapsed=2.41s
2026-08-12 23:10:43,752 | INFO | === New model #308 params={'alpha': 1e-06, 'class_weight': {np.int64(0): np.float64(0.570472416046546), np.int64(1): np.float64(4.0474872868680825)}, 'eta0': 0.001, 'learning_rate': 'optimal', 'loss': 'log_loss', 'max_iter': 2000, 'n_iter_no_change': 5, 'penalty': 'l2', 'tol': 0.0001, 'validation_fraction': 0.1} ===
2026-08-12 23:10:45,160 | INFO | Model 308| f1=0.9837 recall=0.9856 loss_train=0.0071 loss_test=0.0151
2026-08-12 23:10:45,160 | INFO | Model 308 | training finished | total_elapsed=1.41s
2026-08-12 23:10:45,160 | INFO | === New model #309 params={'alpha': 1e-06, 'class_weight': {np.int64(0): np.float64(0.570472416046546), np.int64(1): np.float64(4.0474872868680825)}, 'eta0': 0.001, 'learning_rate': 'optimal', 'loss': 'log_loss', 'max_iter': 2000, 'n_iter_no_change': 5, 'penalty': 'l2', 'tol': 0.0001, 'validation_fraction': 0.2} ===
2026-08-12 23:10:46,558 | INFO | Model 309| f1=0.9852 recall=0.9856 loss_train=0.0070 loss_test=0.0144
2026-08-12 23:10:46,558 | INFO | Model 309 | training finished | total_elapsed=1.40s
2026-08-12 23:10:46,559 | INFO | === New model #310 params={'alpha': 1e-06, 'class_weight': {np.int64(0): np.float64(0.570472416046546), np.int64(1): np.float64(4.0474872868680825)}, 'eta0': 0.001, 'learning_rate': 'optimal', 'loss': 'log_loss', 'max_iter': 2000, 'n_iter_no_change': 5, 'penalty': 'l2', 'tol': 1e-05, 'validation_fraction': 0.1} ===
2026-08-12 23:10:48,154 | INFO | Model 310| f1=0.9845 recall=0.9859 loss_train=0.0065 loss_test=0.0145
2026-08-12 23:10:48,154 | INFO | Model 310 | training finished | total_elapsed=1.60s
2026-08-12 23:10:48,155 | INFO | === New model #311 params={'alpha': 1e-06, 'class_weight': {np.int64(0): np.float64(0.570472416046546), np.int64(1): np.float64(4.0474872868680825)}, 'eta0': 0.001, 'learning_rate': 'optimal', 'loss': 'log_loss', 'max_iter': 2000, 'n_iter_no_change': 5, 'penalty': 'l2', 'tol': 1e-05, 'validation_fraction': 0.2} ===
2026-08-12 23:10:49,979 | INFO | Model 311| f1=0.9852 recall=0.9865 loss_train=0.0072 loss_test=0.0142
2026-08-12 23:10:49,979 | INFO | Model 311 | training finished | total_elapsed=1.83s
2026-08-12 23:10:49,980 | INFO | === New model #312 params={'alpha': 1e-06, 'class_weight': {np.int64(0): np.float64(0.570472416046546), np.int64(1): np.float64(4.0474872868680825)}, 'eta0': 0.001, 'learning_rate': 'optimal', 'loss': 'log_loss', 'max_iter': 2000, 'n_iter_no_change': 10, 'penalty': 'l1', 'tol': 0.0001, 'validation_fraction': 0.1} ===
2026-08-12 23:10:54,768 | INFO | Model 312| f1=0.9787 recall=0.9806 loss_train=0.0102 loss_test=0.0495
2026-08-12 23:10:54,768 | INFO | Model 312 | training finished | total_elapsed=4.79s
2026-08-12 23:10:54,769 | INFO | === New model #313 params={'alpha': 1e-06, 'class_weight': {np.int64(0): np.float64(0.570472416046546), np.int64(1): np.float64(4.0474872868680825)}, 'eta0': 0.001, 'learning_rate': 'optimal', 'loss': 'log_loss', 'max_iter': 2000, 'n_iter_no_change': 10, 'penalty': 'l1', 'tol': 0.0001, 'validation_fraction': 0.2} ===
2026-08-12 23:10:58,917 | INFO | Model 313| f1=0.9767 recall=0.9827 loss_train=0.0174 loss_test=0.0510
2026-08-12 23:10:58,917 | INFO | Model 313 | training finished | total_elapsed=4.15s
2026-08-12 23:10:58,918 | INFO | === New model #314 params={'alpha': 1e-06, 'class_weight': {np.int64(0): np.float64(0.570472416046546), np.int64(1): np.float64(4.0474872868680825)}, 'eta0': 0.001, 'learning_rate': 'optimal', 'loss': 'log_loss', 'max_iter': 2000, 'n_iter_no_change': 10, 'penalty': 'l1', 'tol': 1e-05, 'validation_fraction': 0.1} ===
2026-08-12 23:11:02,667 | INFO | Model 314| f1=0.9787 recall=0.9806 loss_train=0.0102 loss_test=0.0495
2026-08-12 23:11:02,668 | INFO | Model 314 | training finished | total_elapsed=3.75s
2026-08-12 23:11:02,668 | INFO | === New model #315 params={'alpha': 1e-06, 'class_weight': {np.int64(0): np.float64(0.570472416046546), np.int64(1): np.float64(4.0474872868680825)}, 'eta0': 0.001, 'learning_rate': 'optimal', 'loss': 'log_loss', 'max_iter': 2000, 'n_iter_no_change': 10, 'penalty': 'l1', 'tol': 1e-05, 'validation_fraction': 0.2} ===
2026-08-12 23:11:06,249 | INFO | Model 315| f1=0.9767 recall=0.9827 loss_train=0.0174 loss_test=0.0510
2026-08-12 23:11:06,249 | INFO | Model 315 | training finished | total_elapsed=3.58s
2026-08-12 23:11:06,249 | INFO | === New model #316 params={'alpha': 1e-06, 'class_weight': {np.int64(0): np.float64(0.570472416046546), np.int64(1): np.float64(4.0474872868680825)}, 'eta0': 0.001, 'learning_rate': 'optimal', 'loss': 'log_loss', 'max_iter': 2000, 'n_iter_no_change': 10, 'penalty': 'l2', 'tol': 0.0001, 'validation_fraction': 0.1} ===
2026-08-12 23:11:07,773 | INFO | Model 316| f1=0.9865 recall=0.9859 loss_train=0.0062 loss_test=0.0137
2026-08-12 23:11:07,773 | INFO | Model 316 | training finished | total_elapsed=1.52s
2026-08-12 23:11:07,773 | INFO | === New model #317 params={'alpha': 1e-06, 'class_weight': {np.int64(0): np.float64(0.570472416046546), np.int64(1): np.float64(4.0474872868680825)}, 'eta0': 0.001, 'learning_rate': 'optimal', 'loss': 'log_loss', 'max_iter': 2000, 'n_iter_no_change': 10, 'penalty': 'l2', 'tol': 0.0001, 'validation_fraction': 0.2} ===
2026-08-12 23:11:09,477 | INFO | Model 317| f1=0.9862 recall=0.9853 loss_train=0.0071 loss_test=0.0137
2026-08-12 23:11:09,477 | INFO | Model 317 | training finished | total_elapsed=1.70s
2026-08-12 23:11:09,478 | INFO | === New model #318 params={'alpha': 1e-06, 'class_weight': {np.int64(0): np.float64(0.570472416046546), np.int64(1): np.float64(4.0474872868680825)}, 'eta0': 0.001, 'learning_rate': 'optimal', 'loss': 'log_loss', 'max_iter': 2000, 'n_iter_no_change': 10, 'penalty': 'l2', 'tol': 1e-05, 'validation_fraction': 0.1} ===
2026-08-12 23:11:11,124 | INFO | Model 318| f1=0.9859 recall=0.9850 loss_train=0.0064 loss_test=0.0137
2026-08-12 23:11:11,124 | INFO | Model 318 | training finished | total_elapsed=1.65s
2026-08-12 23:11:11,125 | INFO | === New model #319 params={'alpha': 1e-06, 'class_weight': {np.int64(0): np.float64(0.570472416046546), np.int64(1): np.float64(4.0474872868680825)}, 'eta0': 0.001, 'learning_rate': 'optimal', 'loss': 'log_loss', 'max_iter': 2000, 'n_iter_no_change': 10, 'penalty': 'l2', 'tol': 1e-05, 'validation_fraction': 0.2} ===
2026-08-12 23:11:12,937 | INFO | Model 319| f1=0.9864 recall=0.9859 loss_train=0.0071 loss_test=0.0137
2026-08-12 23:11:12,937 | INFO | Model 319 | training finished | total_elapsed=1.81s
2026-08-12 23:11:12,937 | INFO | === New model #320 params={'alpha': 1e-06, 'class_weight': {np.int64(0): np.float64(0.570472416046546), np.int64(1): np.float64(4.0474872868680825)}, 'eta0': 0.0001, 'learning_rate': 'optimal', 'loss': 'hinge', 'max_iter': 1000, 'n_iter_no_change': 5, 'penalty': 'l1', 'tol': 0.0001, 'validation_fraction': 0.1} ===
2026-08-12 23:11:16,119 | INFO | Model 320| f1=0.9791 recall=0.9827 loss_train=0.0115 loss_test=0.0575
2026-08-12 23:11:16,119 | INFO | Model 320 | training finished | total_elapsed=3.18s
2026-08-12 23:11:16,120 | INFO | === New model #321 params={'alpha': 1e-06, 'class_weight': {np.int64(0): np.float64(0.570472416046546), np.int64(1): np.float64(4.0474872868680825)}, 'eta0': 0.0001, 'learning_rate': 'optimal', 'loss': 'hinge', 'max_iter': 1000, 'n_iter_no_change': 5, 'penalty': 'l1', 'tol': 0.0001, 'validation_fraction': 0.2} ===
2026-08-12 23:11:20,136 | INFO | Model 321| f1=0.9790 recall=0.9821 loss_train=0.0181 loss_test=0.0599
2026-08-12 23:11:20,136 | INFO | Model 321 | training finished | total_elapsed=4.02s
2026-08-12 23:11:20,136 | INFO | === New model #322 params={'alpha': 1e-06, 'class_weight': {np.int64(0): np.float64(0.570472416046546), np.int64(1): np.float64(4.0474872868680825)}, 'eta0': 0.0001, 'learning_rate': 'optimal', 'loss': 'hinge', 'max_iter': 1000, 'n_iter_no_change': 5, 'penalty': 'l1', 'tol': 1e-05, 'validation_fraction': 0.1} ===
2026-08-12 23:11:23,753 | INFO | Model 322| f1=0.9796 recall=0.9832 loss_train=0.0106 loss_test=0.0557
2026-08-12 23:11:23,753 | INFO | Model 322 | training finished | total_elapsed=3.62s
2026-08-12 23:11:23,754 | INFO | === New model #323 params={'alpha': 1e-06, 'class_weight': {np.int64(0): np.float64(0.570472416046546), np.int64(1): np.float64(4.0474872868680825)}, 'eta0': 0.0001, 'learning_rate': 'optimal', 'loss': 'hinge', 'max_iter': 1000, 'n_iter_no_change': 5, 'penalty': 'l1', 'tol': 1e-05, 'validation_fraction': 0.2} ===
2026-08-12 23:11:28,274 | INFO | Model 323| f1=0.9784 recall=0.9818 loss_train=0.0179 loss_test=0.0598
2026-08-12 23:11:28,275 | INFO | Model 323 | training finished | total_elapsed=4.52s
2026-08-12 23:11:28,275 | INFO | === New model #324 params={'alpha': 1e-06, 'class_weight': {np.int64(0): np.float64(0.570472416046546), np.int64(1): np.float64(4.0474872868680825)}, 'eta0': 0.0001, 'learning_rate': 'optimal', 'loss': 'hinge', 'max_iter': 1000, 'n_iter_no_change': 5, 'penalty': 'l2', 'tol': 0.0001, 'validation_fraction': 0.1} ===
2026-08-12 23:11:29,015 | INFO | Model 324| f1=0.9801 recall=0.9853 loss_train=0.0079 loss_test=0.0174
2026-08-12 23:11:29,015 | INFO | Model 324 | training finished | total_elapsed=0.74s
2026-08-12 23:11:29,015 | INFO | === New model #325 params={'alpha': 1e-06, 'class_weight': {np.int64(0): np.float64(0.570472416046546), np.int64(1): np.float64(4.0474872868680825)}, 'eta0': 0.0001, 'learning_rate': 'optimal', 'loss': 'hinge', 'max_iter': 1000, 'n_iter_no_change': 5, 'penalty': 'l2', 'tol': 0.0001, 'validation_fraction': 0.2} ===
2026-08-12 23:11:29,892 | INFO | Model 325| f1=0.9796 recall=0.9856 loss_train=0.0070 loss_test=0.0170
2026-08-12 23:11:29,892 | INFO | Model 325 | training finished | total_elapsed=0.88s
2026-08-12 23:11:29,893 | INFO | === New model #326 params={'alpha': 1e-06, 'class_weight': {np.int64(0): np.float64(0.570472416046546), np.int64(1): np.float64(4.0474872868680825)}, 'eta0': 0.0001, 'learning_rate': 'optimal', 'loss': 'hinge', 'max_iter': 1000, 'n_iter_no_change': 5, 'penalty': 'l2', 'tol': 1e-05, 'validation_fraction': 0.1} ===
2026-08-12 23:11:30,598 | INFO | Model 326| f1=0.9801 recall=0.9853 loss_train=0.0079 loss_test=0.0174
2026-08-12 23:11:30,598 | INFO | Model 326 | training finished | total_elapsed=0.71s
2026-08-12 23:11:30,599 | INFO | === New model #327 params={'alpha': 1e-06, 'class_weight': {np.int64(0): np.float64(0.570472416046546), np.int64(1): np.float64(4.0474872868680825)}, 'eta0': 0.0001, 'learning_rate': 'optimal', 'loss': 'hinge', 'max_iter': 1000, 'n_iter_no_change': 5, 'penalty': 'l2', 'tol': 1e-05, 'validation_fraction': 0.2} ===
2026-08-12 23:11:31,411 | INFO | Model 327| f1=0.9796 recall=0.9856 loss_train=0.0070 loss_test=0.0170
2026-08-12 23:11:31,411 | INFO | Model 327 | training finished | total_elapsed=0.81s
2026-08-12 23:11:31,412 | INFO | === New model #328 params={'alpha': 1e-06, 'class_weight': {np.int64(0): np.float64(0.570472416046546), np.int64(1): np.float64(4.0474872868680825)}, 'eta0': 0.0001, 'learning_rate': 'optimal', 'loss': 'hinge', 'max_iter': 1000, 'n_iter_no_change': 10, 'penalty': 'l1', 'tol': 0.0001, 'validation_fraction': 0.1} ===
2026-08-12 23:11:36,083 | INFO | Model 328| f1=0.9796 recall=0.9824 loss_train=0.0098 loss_test=0.0544
2026-08-12 23:11:36,083 | INFO | Model 328 | training finished | total_elapsed=4.67s
2026-08-12 23:11:36,084 | INFO | === New model #329 params={'alpha': 1e-06, 'class_weight': {np.int64(0): np.float64(0.570472416046546), np.int64(1): np.float64(4.0474872868680825)}, 'eta0': 0.0001, 'learning_rate': 'optimal', 'loss': 'hinge', 'max_iter': 1000, 'n_iter_no_change': 10, 'penalty': 'l1', 'tol': 0.0001, 'validation_fraction': 0.2} ===
2026-08-12 23:11:43,306 | INFO | Model 329| f1=0.9783 recall=0.9800 loss_train=0.0162 loss_test=0.0564
2026-08-12 23:11:43,306 | INFO | Model 329 | training finished | total_elapsed=7.22s
2026-08-12 23:11:43,307 | INFO | === New model #330 params={'alpha': 1e-06, 'class_weight': {np.int64(0): np.float64(0.570472416046546), np.int64(1): np.float64(4.0474872868680825)}, 'eta0': 0.0001, 'learning_rate': 'optimal', 'loss': 'hinge', 'max_iter': 1000, 'n_iter_no_change': 10, 'penalty': 'l1', 'tol': 1e-05, 'validation_fraction': 0.1} ===
2026-08-12 23:11:48,299 | INFO | Model 330| f1=0.9791 recall=0.9824 loss_train=0.0096 loss_test=0.0541
2026-08-12 23:11:48,300 | INFO | Model 330 | training finished | total_elapsed=4.99s
2026-08-12 23:11:48,300 | INFO | === New model #331 params={'alpha': 1e-06, 'class_weight': {np.int64(0): np.float64(0.570472416046546), np.int64(1): np.float64(4.0474872868680825)}, 'eta0': 0.0001, 'learning_rate': 'optimal', 'loss': 'hinge', 'max_iter': 1000, 'n_iter_no_change': 10, 'penalty': 'l1', 'tol': 1e-05, 'validation_fraction': 0.2} ===
2026-08-12 23:11:55,580 | INFO | Model 331| f1=0.9783 recall=0.9800 loss_train=0.0162 loss_test=0.0564
2026-08-12 23:11:55,580 | INFO | Model 331 | training finished | total_elapsed=7.28s
2026-08-12 23:11:55,581 | INFO | === New model #332 params={'alpha': 1e-06, 'class_weight': {np.int64(0): np.float64(0.570472416046546), np.int64(1): np.float64(4.0474872868680825)}, 'eta0': 0.0001, 'learning_rate': 'optimal', 'loss': 'hinge', 'max_iter': 1000, 'n_iter_no_change': 10, 'penalty': 'l2', 'tol': 0.0001, 'validation_fraction': 0.1} ===
2026-08-12 23:11:56,677 | INFO | Model 332| f1=0.9791 recall=0.9868 loss_train=0.0040 loss_test=0.0149
2026-08-12 23:11:56,677 | INFO | Model 332 | training finished | total_elapsed=1.10s
2026-08-12 23:11:56,678 | INFO | === New model #333 params={'alpha': 1e-06, 'class_weight': {np.int64(0): np.float64(0.570472416046546), np.int64(1): np.float64(4.0474872868680825)}, 'eta0': 0.0001, 'learning_rate': 'optimal', 'loss': 'hinge', 'max_iter': 1000, 'n_iter_no_change': 10, 'penalty': 'l2', 'tol': 0.0001, 'validation_fraction': 0.2} ===
2026-08-12 23:11:57,933 | INFO | Model 333| f1=0.9812 recall=0.9847 loss_train=0.0041 loss_test=0.0138
2026-08-12 23:11:57,934 | INFO | Model 333 | training finished | total_elapsed=1.26s
2026-08-12 23:11:57,934 | INFO | === New model #334 params={'alpha': 1e-06, 'class_weight': {np.int64(0): np.float64(0.570472416046546), np.int64(1): np.float64(4.0474872868680825)}, 'eta0': 0.0001, 'learning_rate': 'optimal', 'loss': 'hinge', 'max_iter': 1000, 'n_iter_no_change': 10, 'penalty': 'l2', 'tol': 1e-05, 'validation_fraction': 0.1} ===
2026-08-12 23:12:00,044 | INFO | Model 334| f1=0.9791 recall=0.9868 loss_train=0.0040 loss_test=0.0149
2026-08-12 23:12:00,045 | INFO | Model 334 | training finished | total_elapsed=2.11s
2026-08-12 23:12:00,045 | INFO | === New model #335 params={'alpha': 1e-06, 'class_weight': {np.int64(0): np.float64(0.570472416046546), np.int64(1): np.float64(4.0474872868680825)}, 'eta0': 0.0001, 'learning_rate': 'optimal', 'loss': 'hinge', 'max_iter': 1000, 'n_iter_no_change': 10, 'penalty': 'l2', 'tol': 1e-05, 'validation_fraction': 0.2} ===
2026-08-12 23:12:01,764 | INFO | Model 335| f1=0.9812 recall=0.9847 loss_train=0.0041 loss_test=0.0138
2026-08-12 23:12:01,764 | INFO | Model 335 | training finished | total_elapsed=1.72s
2026-08-12 23:12:01,765 | INFO | === New model #336 params={'alpha': 1e-06, 'class_weight': {np.int64(0): np.float64(0.570472416046546), np.int64(1): np.float64(4.0474872868680825)}, 'eta0': 0.0001, 'learning_rate': 'optimal', 'loss': 'hinge', 'max_iter': 2000, 'n_iter_no_change': 5, 'penalty': 'l1', 'tol': 0.0001, 'validation_fraction': 0.1} ===
2026-08-12 23:12:06,365 | INFO | Model 336| f1=0.9791 recall=0.9827 loss_train=0.0115 loss_test=0.0575
2026-08-12 23:12:06,365 | INFO | Model 336 | training finished | total_elapsed=4.60s
2026-08-12 23:12:06,366 | INFO | === New model #337 params={'alpha': 1e-06, 'class_weight': {np.int64(0): np.float64(0.570472416046546), np.int64(1): np.float64(4.0474872868680825)}, 'eta0': 0.0001, 'learning_rate': 'optimal', 'loss': 'hinge', 'max_iter': 2000, 'n_iter_no_change': 5, 'penalty': 'l1', 'tol': 0.0001, 'validation_fraction': 0.2} ===
2026-08-12 23:12:12,551 | INFO | Model 337| f1=0.9790 recall=0.9821 loss_train=0.0181 loss_test=0.0599
2026-08-12 23:12:12,551 | INFO | Model 337 | training finished | total_elapsed=6.19s
2026-08-12 23:12:12,552 | INFO | === New model #338 params={'alpha': 1e-06, 'class_weight': {np.int64(0): np.float64(0.570472416046546), np.int64(1): np.float64(4.0474872868680825)}, 'eta0': 0.0001, 'learning_rate': 'optimal', 'loss': 'hinge', 'max_iter': 2000, 'n_iter_no_change': 5, 'penalty': 'l1', 'tol': 1e-05, 'validation_fraction': 0.1} ===
2026-08-12 23:12:18,425 | INFO | Model 338| f1=0.9796 recall=0.9832 loss_train=0.0106 loss_test=0.0557
2026-08-12 23:12:18,426 | INFO | Model 338 | training finished | total_elapsed=5.87s
2026-08-12 23:12:18,426 | INFO | === New model #339 params={'alpha': 1e-06, 'class_weight': {np.int64(0): np.float64(0.570472416046546), np.int64(1): np.float64(4.0474872868680825)}, 'eta0': 0.0001, 'learning_rate': 'optimal', 'loss': 'hinge', 'max_iter': 2000, 'n_iter_no_change': 5, 'penalty': 'l1', 'tol': 1e-05, 'validation_fraction': 0.2} ===
2026-08-12 23:12:24,665 | INFO | Model 339| f1=0.9784 recall=0.9818 loss_train=0.0179 loss_test=0.0598
2026-08-12 23:12:24,665 | INFO | Model 339 | training finished | total_elapsed=6.24s
2026-08-12 23:12:24,666 | INFO | === New model #340 params={'alpha': 1e-06, 'class_weight': {np.int64(0): np.float64(0.570472416046546), np.int64(1): np.float64(4.0474872868680825)}, 'eta0': 0.0001, 'learning_rate': 'optimal', 'loss': 'hinge', 'max_iter': 2000, 'n_iter_no_change': 5, 'penalty': 'l2', 'tol': 0.0001, 'validation_fraction': 0.1} ===
2026-08-12 23:12:25,783 | INFO | Model 340| f1=0.9801 recall=0.9853 loss_train=0.0079 loss_test=0.0174
2026-08-12 23:12:25,783 | INFO | Model 340 | training finished | total_elapsed=1.12s
2026-08-12 23:12:25,783 | INFO | === New model #341 params={'alpha': 1e-06, 'class_weight': {np.int64(0): np.float64(0.570472416046546), np.int64(1): np.float64(4.0474872868680825)}, 'eta0': 0.0001, 'learning_rate': 'optimal', 'loss': 'hinge', 'max_iter': 2000, 'n_iter_no_change': 5, 'penalty': 'l2', 'tol': 0.0001, 'validation_fraction': 0.2} ===
2026-08-12 23:12:26,849 | INFO | Model 341| f1=0.9796 recall=0.9856 loss_train=0.0070 loss_test=0.0170
2026-08-12 23:12:26,850 | INFO | Model 341 | training finished | total_elapsed=1.07s
2026-08-12 23:12:26,850 | INFO | === New model #342 params={'alpha': 1e-06, 'class_weight': {np.int64(0): np.float64(0.570472416046546), np.int64(1): np.float64(4.0474872868680825)}, 'eta0': 0.0001, 'learning_rate': 'optimal', 'loss': 'hinge', 'max_iter': 2000, 'n_iter_no_change': 5, 'penalty': 'l2', 'tol': 1e-05, 'validation_fraction': 0.1} ===
2026-08-12 23:12:27,786 | INFO | Model 342| f1=0.9801 recall=0.9853 loss_train=0.0079 loss_test=0.0174
2026-08-12 23:12:27,786 | INFO | Model 342 | training finished | total_elapsed=0.94s
2026-08-12 23:12:27,787 | INFO | === New model #343 params={'alpha': 1e-06, 'class_weight': {np.int64(0): np.float64(0.570472416046546), np.int64(1): np.float64(4.0474872868680825)}, 'eta0': 0.0001, 'learning_rate': 'optimal', 'loss': 'hinge', 'max_iter': 2000, 'n_iter_no_change': 5, 'penalty': 'l2', 'tol': 1e-05, 'validation_fraction': 0.2} ===
2026-08-12 23:12:28,868 | INFO | Model 343| f1=0.9796 recall=0.9856 loss_train=0.0070 loss_test=0.0170
2026-08-12 23:12:28,868 | INFO | Model 343 | training finished | total_elapsed=1.08s
2026-08-12 23:12:28,869 | INFO | === New model #344 params={'alpha': 1e-06, 'class_weight': {np.int64(0): np.float64(0.570472416046546), np.int64(1): np.float64(4.0474872868680825)}, 'eta0': 0.0001, 'learning_rate': 'optimal', 'loss': 'hinge', 'max_iter': 2000, 'n_iter_no_change': 10, 'penalty': 'l1', 'tol': 0.0001, 'validation_fraction': 0.1} ===
2026-08-12 23:12:34,702 | INFO | Model 344| f1=0.9796 recall=0.9824 loss_train=0.0098 loss_test=0.0544
2026-08-12 23:12:34,702 | INFO | Model 344 | training finished | total_elapsed=5.83s
2026-08-12 23:12:34,702 | INFO | === New model #345 params={'alpha': 1e-06, 'class_weight': {np.int64(0): np.float64(0.570472416046546), np.int64(1): np.float64(4.0474872868680825)}, 'eta0': 0.0001, 'learning_rate': 'optimal', 'loss': 'hinge', 'max_iter': 2000, 'n_iter_no_change': 10, 'penalty': 'l1', 'tol': 0.0001, 'validation_fraction': 0.2} ===
2026-08-12 23:12:44,333 | INFO | Model 345| f1=0.9783 recall=0.9800 loss_train=0.0162 loss_test=0.0564
2026-08-12 23:12:44,333 | INFO | Model 345 | training finished | total_elapsed=9.63s
2026-08-12 23:12:44,334 | INFO | === New model #346 params={'alpha': 1e-06, 'class_weight': {np.int64(0): np.float64(0.570472416046546), np.int64(1): np.float64(4.0474872868680825)}, 'eta0': 0.0001, 'learning_rate': 'optimal', 'loss': 'hinge', 'max_iter': 2000, 'n_iter_no_change': 10, 'penalty': 'l1', 'tol': 1e-05, 'validation_fraction': 0.1} ===
2026-08-12 23:12:51,195 | INFO | Model 346| f1=0.9791 recall=0.9824 loss_train=0.0096 loss_test=0.0541
2026-08-12 23:12:51,195 | INFO | Model 346 | training finished | total_elapsed=6.86s
2026-08-12 23:12:51,196 | INFO | === New model #347 params={'alpha': 1e-06, 'class_weight': {np.int64(0): np.float64(0.570472416046546), np.int64(1): np.float64(4.0474872868680825)}, 'eta0': 0.0001, 'learning_rate': 'optimal', 'loss': 'hinge', 'max_iter': 2000, 'n_iter_no_change': 10, 'penalty': 'l1', 'tol': 1e-05, 'validation_fraction': 0.2} ===
2026-08-12 23:13:00,389 | INFO | Model 347| f1=0.9783 recall=0.9800 loss_train=0.0162 loss_test=0.0564
2026-08-12 23:13:00,389 | INFO | Model 347 | training finished | total_elapsed=9.19s
2026-08-12 23:13:00,390 | INFO | === New model #348 params={'alpha': 1e-06, 'class_weight': {np.int64(0): np.float64(0.570472416046546), np.int64(1): np.float64(4.0474872868680825)}, 'eta0': 0.0001, 'learning_rate': 'optimal', 'loss': 'hinge', 'max_iter': 2000, 'n_iter_no_change': 10, 'penalty': 'l2', 'tol': 0.0001, 'validation_fraction': 0.1} ===
2026-08-12 23:13:01,595 | INFO | Model 348| f1=0.9791 recall=0.9868 loss_train=0.0040 loss_test=0.0149
2026-08-12 23:13:01,595 | INFO | Model 348 | training finished | total_elapsed=1.21s
2026-08-12 23:13:01,596 | INFO | === New model #349 params={'alpha': 1e-06, 'class_weight': {np.int64(0): np.float64(0.570472416046546), np.int64(1): np.float64(4.0474872868680825)}, 'eta0': 0.0001, 'learning_rate': 'optimal', 'loss': 'hinge', 'max_iter': 2000, 'n_iter_no_change': 10, 'penalty': 'l2', 'tol': 0.0001, 'validation_fraction': 0.2} ===
2026-08-12 23:13:03,013 | INFO | Model 349| f1=0.9812 recall=0.9847 loss_train=0.0041 loss_test=0.0138
2026-08-12 23:13:03,014 | INFO | Model 349 | training finished | total_elapsed=1.42s
2026-08-12 23:13:03,014 | INFO | === New model #350 params={'alpha': 1e-06, 'class_weight': {np.int64(0): np.float64(0.570472416046546), np.int64(1): np.float64(4.0474872868680825)}, 'eta0': 0.0001, 'learning_rate': 'optimal', 'loss': 'hinge', 'max_iter': 2000, 'n_iter_no_change': 10, 'penalty': 'l2', 'tol': 1e-05, 'validation_fraction': 0.1} ===
2026-08-12 23:13:04,200 | INFO | Model 350| f1=0.9791 recall=0.9868 loss_train=0.0040 loss_test=0.0149
2026-08-12 23:13:04,200 | INFO | Model 350 | training finished | total_elapsed=1.19s
2026-08-12 23:13:04,200 | INFO | === New model #351 params={'alpha': 1e-06, 'class_weight': {np.int64(0): np.float64(0.570472416046546), np.int64(1): np.float64(4.0474872868680825)}, 'eta0': 0.0001, 'learning_rate': 'optimal', 'loss': 'hinge', 'max_iter': 2000, 'n_iter_no_change': 10, 'penalty': 'l2', 'tol': 1e-05, 'validation_fraction': 0.2} ===
2026-08-12 23:13:05,488 | INFO | Model 351| f1=0.9812 recall=0.9847 loss_train=0.0041 loss_test=0.0138
2026-08-12 23:13:05,489 | INFO | Model 351 | training finished | total_elapsed=1.29s
2026-08-12 23:13:05,489 | INFO | === New model #352 params={'alpha': 1e-06, 'class_weight': {np.int64(0): np.float64(0.570472416046546), np.int64(1): np.float64(4.0474872868680825)}, 'eta0': 0.0001, 'learning_rate': 'optimal', 'loss': 'log_loss', 'max_iter': 1000, 'n_iter_no_change': 5, 'penalty': 'l1', 'tol': 0.0001, 'validation_fraction': 0.1} ===
2026-08-12 23:13:07,939 | INFO | Model 352| f1=0.9784 recall=0.9818 loss_train=0.0133 loss_test=0.0536
2026-08-12 23:13:07,939 | INFO | Model 352 | training finished | total_elapsed=2.45s
2026-08-12 23:13:07,940 | INFO | === New model #353 params={'alpha': 1e-06, 'class_weight': {np.int64(0): np.float64(0.570472416046546), np.int64(1): np.float64(4.0474872868680825)}, 'eta0': 0.0001, 'learning_rate': 'optimal', 'loss': 'log_loss', 'max_iter': 1000, 'n_iter_no_change': 5, 'penalty': 'l1', 'tol': 0.0001, 'validation_fraction': 0.2} ===
2026-08-12 23:13:10,278 | INFO | Model 353| f1=0.9762 recall=0.9824 loss_train=0.0207 loss_test=0.0555
2026-08-12 23:13:10,278 | INFO | Model 353 | training finished | total_elapsed=2.34s
2026-08-12 23:13:10,279 | INFO | === New model #354 params={'alpha': 1e-06, 'class_weight': {np.int64(0): np.float64(0.570472416046546), np.int64(1): np.float64(4.0474872868680825)}, 'eta0': 0.0001, 'learning_rate': 'optimal', 'loss': 'log_loss', 'max_iter': 1000, 'n_iter_no_change': 5, 'penalty': 'l1', 'tol': 1e-05, 'validation_fraction': 0.1} ===
2026-08-12 23:13:12,742 | INFO | Model 354| f1=0.9784 recall=0.9818 loss_train=0.0133 loss_test=0.0536
2026-08-12 23:13:12,742 | INFO | Model 354 | training finished | total_elapsed=2.46s
2026-08-12 23:13:12,742 | INFO | === New model #355 params={'alpha': 1e-06, 'class_weight': {np.int64(0): np.float64(0.570472416046546), np.int64(1): np.float64(4.0474872868680825)}, 'eta0': 0.0001, 'learning_rate': 'optimal', 'loss': 'log_loss', 'max_iter': 1000, 'n_iter_no_change': 5, 'penalty': 'l1', 'tol': 1e-05, 'validation_fraction': 0.2} ===
2026-08-12 23:13:15,113 | INFO | Model 355| f1=0.9762 recall=0.9824 loss_train=0.0207 loss_test=0.0555
2026-08-12 23:13:15,113 | INFO | Model 355 | training finished | total_elapsed=2.37s
2026-08-12 23:13:15,114 | INFO | === New model #356 params={'alpha': 1e-06, 'class_weight': {np.int64(0): np.float64(0.570472416046546), np.int64(1): np.float64(4.0474872868680825)}, 'eta0': 0.0001, 'learning_rate': 'optimal', 'loss': 'log_loss', 'max_iter': 1000, 'n_iter_no_change': 5, 'penalty': 'l2', 'tol': 0.0001, 'validation_fraction': 0.1} ===
2026-08-12 23:13:16,299 | INFO | Model 356| f1=0.9837 recall=0.9856 loss_train=0.0071 loss_test=0.0151
2026-08-12 23:13:16,299 | INFO | Model 356 | training finished | total_elapsed=1.19s
2026-08-12 23:13:16,300 | INFO | === New model #357 params={'alpha': 1e-06, 'class_weight': {np.int64(0): np.float64(0.570472416046546), np.int64(1): np.float64(4.0474872868680825)}, 'eta0': 0.0001, 'learning_rate': 'optimal', 'loss': 'log_loss', 'max_iter': 1000, 'n_iter_no_change': 5, 'penalty': 'l2', 'tol': 0.0001, 'validation_fraction': 0.2} ===
2026-08-12 23:13:17,551 | INFO | Model 357| f1=0.9852 recall=0.9856 loss_train=0.0070 loss_test=0.0144
2026-08-12 23:13:17,551 | INFO | Model 357 | training finished | total_elapsed=1.25s
2026-08-12 23:13:17,552 | INFO | === New model #358 params={'alpha': 1e-06, 'class_weight': {np.int64(0): np.float64(0.570472416046546), np.int64(1): np.float64(4.0474872868680825)}, 'eta0': 0.0001, 'learning_rate': 'optimal', 'loss': 'log_loss', 'max_iter': 1000, 'n_iter_no_change': 5, 'penalty': 'l2', 'tol': 1e-05, 'validation_fraction': 0.1} ===
2026-08-12 23:13:18,954 | INFO | Model 358| f1=0.9845 recall=0.9859 loss_train=0.0065 loss_test=0.0145
2026-08-12 23:13:18,954 | INFO | Model 358 | training finished | total_elapsed=1.40s
2026-08-12 23:13:18,955 | INFO | === New model #359 params={'alpha': 1e-06, 'class_weight': {np.int64(0): np.float64(0.570472416046546), np.int64(1): np.float64(4.0474872868680825)}, 'eta0': 0.0001, 'learning_rate': 'optimal', 'loss': 'log_loss', 'max_iter': 1000, 'n_iter_no_change': 5, 'penalty': 'l2', 'tol': 1e-05, 'validation_fraction': 0.2} ===
2026-08-12 23:13:20,467 | INFO | Model 359| f1=0.9852 recall=0.9865 loss_train=0.0072 loss_test=0.0142
2026-08-12 23:13:20,467 | INFO | Model 359 | training finished | total_elapsed=1.51s
2026-08-12 23:13:20,468 | INFO | === New model #360 params={'alpha': 1e-06, 'class_weight': {np.int64(0): np.float64(0.570472416046546), np.int64(1): np.float64(4.0474872868680825)}, 'eta0': 0.0001, 'learning_rate': 'optimal', 'loss': 'log_loss', 'max_iter': 1000, 'n_iter_no_change': 10, 'penalty': 'l1', 'tol': 0.0001, 'validation_fraction': 0.1} ===
2026-08-12 23:13:24,844 | INFO | Model 360| f1=0.9787 recall=0.9806 loss_train=0.0102 loss_test=0.0495
2026-08-12 23:13:24,845 | INFO | Model 360 | training finished | total_elapsed=4.38s
2026-08-12 23:13:24,845 | INFO | === New model #361 params={'alpha': 1e-06, 'class_weight': {np.int64(0): np.float64(0.570472416046546), np.int64(1): np.float64(4.0474872868680825)}, 'eta0': 0.0001, 'learning_rate': 'optimal', 'loss': 'log_loss', 'max_iter': 1000, 'n_iter_no_change': 10, 'penalty': 'l1', 'tol': 0.0001, 'validation_fraction': 0.2} ===
2026-08-12 23:13:28,792 | INFO | Model 361| f1=0.9767 recall=0.9827 loss_train=0.0174 loss_test=0.0510
2026-08-12 23:13:28,792 | INFO | Model 361 | training finished | total_elapsed=3.95s
2026-08-12 23:13:28,793 | INFO | === New model #362 params={'alpha': 1e-06, 'class_weight': {np.int64(0): np.float64(0.570472416046546), np.int64(1): np.float64(4.0474872868680825)}, 'eta0': 0.0001, 'learning_rate': 'optimal', 'loss': 'log_loss', 'max_iter': 1000, 'n_iter_no_change': 10, 'penalty': 'l1', 'tol': 1e-05, 'validation_fraction': 0.1} ===
2026-08-12 23:13:33,066 | INFO | Model 362| f1=0.9787 recall=0.9806 loss_train=0.0102 loss_test=0.0495
2026-08-12 23:13:33,066 | INFO | Model 362 | training finished | total_elapsed=4.27s
2026-08-12 23:13:33,067 | INFO | === New model #363 params={'alpha': 1e-06, 'class_weight': {np.int64(0): np.float64(0.570472416046546), np.int64(1): np.float64(4.0474872868680825)}, 'eta0': 0.0001, 'learning_rate': 'optimal', 'loss': 'log_loss', 'max_iter': 1000, 'n_iter_no_change': 10, 'penalty': 'l1', 'tol': 1e-05, 'validation_fraction': 0.2} ===
2026-08-12 23:13:36,946 | INFO | Model 363| f1=0.9767 recall=0.9827 loss_train=0.0174 loss_test=0.0510
2026-08-12 23:13:36,946 | INFO | Model 363 | training finished | total_elapsed=3.88s
2026-08-12 23:13:36,947 | INFO | === New model #364 params={'alpha': 1e-06, 'class_weight': {np.int64(0): np.float64(0.570472416046546), np.int64(1): np.float64(4.0474872868680825)}, 'eta0': 0.0001, 'learning_rate': 'optimal', 'loss': 'log_loss', 'max_iter': 1000, 'n_iter_no_change': 10, 'penalty': 'l2', 'tol': 0.0001, 'validation_fraction': 0.1} ===
2026-08-12 23:13:38,527 | INFO | Model 364| f1=0.9865 recall=0.9859 loss_train=0.0062 loss_test=0.0137
2026-08-12 23:13:38,527 | INFO | Model 364 | training finished | total_elapsed=1.58s
2026-08-12 23:13:38,528 | INFO | === New model #365 params={'alpha': 1e-06, 'class_weight': {np.int64(0): np.float64(0.570472416046546), np.int64(1): np.float64(4.0474872868680825)}, 'eta0': 0.0001, 'learning_rate': 'optimal', 'loss': 'log_loss', 'max_iter': 1000, 'n_iter_no_change': 10, 'penalty': 'l2', 'tol': 0.0001, 'validation_fraction': 0.2} ===
2026-08-12 23:13:40,231 | INFO | Model 365| f1=0.9862 recall=0.9853 loss_train=0.0071 loss_test=0.0137
2026-08-12 23:13:40,232 | INFO | Model 365 | training finished | total_elapsed=1.70s
2026-08-12 23:13:40,232 | INFO | === New model #366 params={'alpha': 1e-06, 'class_weight': {np.int64(0): np.float64(0.570472416046546), np.int64(1): np.float64(4.0474872868680825)}, 'eta0': 0.0001, 'learning_rate': 'optimal', 'loss': 'log_loss', 'max_iter': 1000, 'n_iter_no_change': 10, 'penalty': 'l2', 'tol': 1e-05, 'validation_fraction': 0.1} ===
2026-08-12 23:13:41,876 | INFO | Model 366| f1=0.9859 recall=0.9850 loss_train=0.0064 loss_test=0.0137
2026-08-12 23:13:41,876 | INFO | Model 366 | training finished | total_elapsed=1.64s
2026-08-12 23:13:41,877 | INFO | === New model #367 params={'alpha': 1e-06, 'class_weight': {np.int64(0): np.float64(0.570472416046546), np.int64(1): np.float64(4.0474872868680825)}, 'eta0': 0.0001, 'learning_rate': 'optimal', 'loss': 'log_loss', 'max_iter': 1000, 'n_iter_no_change': 10, 'penalty': 'l2', 'tol': 1e-05, 'validation_fraction': 0.2} ===
2026-08-12 23:13:43,715 | INFO | Model 367| f1=0.9864 recall=0.9859 loss_train=0.0071 loss_test=0.0137
2026-08-12 23:13:43,715 | INFO | Model 367 | training finished | total_elapsed=1.84s
2026-08-12 23:13:43,716 | INFO | === New model #368 params={'alpha': 1e-06, 'class_weight': {np.int64(0): np.float64(0.570472416046546), np.int64(1): np.float64(4.0474872868680825)}, 'eta0': 0.0001, 'learning_rate': 'optimal', 'loss': 'log_loss', 'max_iter': 2000, 'n_iter_no_change': 5, 'penalty': 'l1', 'tol': 0.0001, 'validation_fraction': 0.1} ===
2026-08-12 23:13:45,955 | INFO | Model 368| f1=0.9784 recall=0.9818 loss_train=0.0133 loss_test=0.0536
2026-08-12 23:13:45,955 | INFO | Model 368 | training finished | total_elapsed=2.24s
2026-08-12 23:13:45,956 | INFO | === New model #369 params={'alpha': 1e-06, 'class_weight': {np.int64(0): np.float64(0.570472416046546), np.int64(1): np.float64(4.0474872868680825)}, 'eta0': 0.0001, 'learning_rate': 'optimal', 'loss': 'log_loss', 'max_iter': 2000, 'n_iter_no_change': 5, 'penalty': 'l1', 'tol': 0.0001, 'validation_fraction': 0.2} ===
2026-08-12 23:13:47,951 | INFO | Model 369| f1=0.9762 recall=0.9824 loss_train=0.0207 loss_test=0.0555
2026-08-12 23:13:47,951 | INFO | Model 369 | training finished | total_elapsed=2.00s
2026-08-12 23:13:47,952 | INFO | === New model #370 params={'alpha': 1e-06, 'class_weight': {np.int64(0): np.float64(0.570472416046546), np.int64(1): np.float64(4.0474872868680825)}, 'eta0': 0.0001, 'learning_rate': 'optimal', 'loss': 'log_loss', 'max_iter': 2000, 'n_iter_no_change': 5, 'penalty': 'l1', 'tol': 1e-05, 'validation_fraction': 0.1} ===
2026-08-12 23:13:50,188 | INFO | Model 370| f1=0.9784 recall=0.9818 loss_train=0.0133 loss_test=0.0536
2026-08-12 23:13:50,189 | INFO | Model 370 | training finished | total_elapsed=2.24s
2026-08-12 23:13:50,189 | INFO | === New model #371 params={'alpha': 1e-06, 'class_weight': {np.int64(0): np.float64(0.570472416046546), np.int64(1): np.float64(4.0474872868680825)}, 'eta0': 0.0001, 'learning_rate': 'optimal', 'loss': 'log_loss', 'max_iter': 2000, 'n_iter_no_change': 5, 'penalty': 'l1', 'tol': 1e-05, 'validation_fraction': 0.2} ===
2026-08-12 23:13:52,208 | INFO | Model 371| f1=0.9762 recall=0.9824 loss_train=0.0207 loss_test=0.0555
2026-08-12 23:13:52,208 | INFO | Model 371 | training finished | total_elapsed=2.02s
2026-08-12 23:13:52,209 | INFO | === New model #372 params={'alpha': 1e-06, 'class_weight': {np.int64(0): np.float64(0.570472416046546), np.int64(1): np.float64(4.0474872868680825)}, 'eta0': 0.0001, 'learning_rate': 'optimal', 'loss': 'log_loss', 'max_iter': 2000, 'n_iter_no_change': 5, 'penalty': 'l2', 'tol': 0.0001, 'validation_fraction': 0.1} ===
2026-08-12 23:13:53,229 | INFO | Model 372| f1=0.9837 recall=0.9856 loss_train=0.0071 loss_test=0.0151
2026-08-12 23:13:53,229 | INFO | Model 372 | training finished | total_elapsed=1.02s
2026-08-12 23:13:53,230 | INFO | === New model #373 params={'alpha': 1e-06, 'class_weight': {np.int64(0): np.float64(0.570472416046546), np.int64(1): np.float64(4.0474872868680825)}, 'eta0': 0.0001, 'learning_rate': 'optimal', 'loss': 'log_loss', 'max_iter': 2000, 'n_iter_no_change': 5, 'penalty': 'l2', 'tol': 0.0001, 'validation_fraction': 0.2} ===
2026-08-12 23:13:54,392 | INFO | Model 373| f1=0.9852 recall=0.9856 loss_train=0.0070 loss_test=0.0144
2026-08-12 23:13:54,392 | INFO | Model 373 | training finished | total_elapsed=1.16s
2026-08-12 23:13:54,393 | INFO | === New model #374 params={'alpha': 1e-06, 'class_weight': {np.int64(0): np.float64(0.570472416046546), np.int64(1): np.float64(4.0474872868680825)}, 'eta0': 0.0001, 'learning_rate': 'optimal', 'loss': 'log_loss', 'max_iter': 2000, 'n_iter_no_change': 5, 'penalty': 'l2', 'tol': 1e-05, 'validation_fraction': 0.1} ===
2026-08-12 23:13:55,627 | INFO | Model 374| f1=0.9845 recall=0.9859 loss_train=0.0065 loss_test=0.0145
2026-08-12 23:13:55,628 | INFO | Model 374 | training finished | total_elapsed=1.24s
2026-08-12 23:13:55,628 | INFO | === New model #375 params={'alpha': 1e-06, 'class_weight': {np.int64(0): np.float64(0.570472416046546), np.int64(1): np.float64(4.0474872868680825)}, 'eta0': 0.0001, 'learning_rate': 'optimal', 'loss': 'log_loss', 'max_iter': 2000, 'n_iter_no_change': 5, 'penalty': 'l2', 'tol': 1e-05, 'validation_fraction': 0.2} ===
2026-08-12 23:13:56,997 | INFO | Model 375| f1=0.9852 recall=0.9865 loss_train=0.0072 loss_test=0.0142
2026-08-12 23:13:56,997 | INFO | Model 375 | training finished | total_elapsed=1.37s
2026-08-12 23:13:56,997 | INFO | === New model #376 params={'alpha': 1e-06, 'class_weight': {np.int64(0): np.float64(0.570472416046546), np.int64(1): np.float64(4.0474872868680825)}, 'eta0': 0.0001, 'learning_rate': 'optimal', 'loss': 'log_loss', 'max_iter': 2000, 'n_iter_no_change': 10, 'penalty': 'l1', 'tol': 0.0001, 'validation_fraction': 0.1} ===
2026-08-12 23:14:01,379 | INFO | Model 376| f1=0.9787 recall=0.9806 loss_train=0.0102 loss_test=0.0495
2026-08-12 23:14:01,379 | INFO | Model 376 | training finished | total_elapsed=4.38s
2026-08-12 23:14:01,380 | INFO | === New model #377 params={'alpha': 1e-06, 'class_weight': {np.int64(0): np.float64(0.570472416046546), np.int64(1): np.float64(4.0474872868680825)}, 'eta0': 0.0001, 'learning_rate': 'optimal', 'loss': 'log_loss', 'max_iter': 2000, 'n_iter_no_change': 10, 'penalty': 'l1', 'tol': 0.0001, 'validation_fraction': 0.2} ===
2026-08-12 23:14:05,663 | INFO | Model 377| f1=0.9767 recall=0.9827 loss_train=0.0174 loss_test=0.0510
2026-08-12 23:14:05,663 | INFO | Model 377 | training finished | total_elapsed=4.28s
2026-08-12 23:14:05,663 | INFO | === New model #378 params={'alpha': 1e-06, 'class_weight': {np.int64(0): np.float64(0.570472416046546), np.int64(1): np.float64(4.0474872868680825)}, 'eta0': 0.0001, 'learning_rate': 'optimal', 'loss': 'log_loss', 'max_iter': 2000, 'n_iter_no_change': 10, 'penalty': 'l1', 'tol': 1e-05, 'validation_fraction': 0.1} ===
2026-08-12 23:14:09,913 | INFO | Model 378| f1=0.9787 recall=0.9806 loss_train=0.0102 loss_test=0.0495
2026-08-12 23:14:09,913 | INFO | Model 378 | training finished | total_elapsed=4.25s
2026-08-12 23:14:09,913 | INFO | === New model #379 params={'alpha': 1e-06, 'class_weight': {np.int64(0): np.float64(0.570472416046546), np.int64(1): np.float64(4.0474872868680825)}, 'eta0': 0.0001, 'learning_rate': 'optimal', 'loss': 'log_loss', 'max_iter': 2000, 'n_iter_no_change': 10, 'penalty': 'l1', 'tol': 1e-05, 'validation_fraction': 0.2} ===
2026-08-12 23:14:14,375 | INFO | Model 379| f1=0.9767 recall=0.9827 loss_train=0.0174 loss_test=0.0510
2026-08-12 23:14:14,375 | INFO | Model 379 | training finished | total_elapsed=4.46s
2026-08-12 23:14:14,376 | INFO | === New model #380 params={'alpha': 1e-06, 'class_weight': {np.int64(0): np.float64(0.570472416046546), np.int64(1): np.float64(4.0474872868680825)}, 'eta0': 0.0001, 'learning_rate': 'optimal', 'loss': 'log_loss', 'max_iter': 2000, 'n_iter_no_change': 10, 'penalty': 'l2', 'tol': 0.0001, 'validation_fraction': 0.1} ===
2026-08-12 23:14:16,056 | INFO | Model 380| f1=0.9865 recall=0.9859 loss_train=0.0062 loss_test=0.0137
2026-08-12 23:14:16,056 | INFO | Model 380 | training finished | total_elapsed=1.68s
2026-08-12 23:14:16,057 | INFO | === New model #381 params={'alpha': 1e-06, 'class_weight': {np.int64(0): np.float64(0.570472416046546), np.int64(1): np.float64(4.0474872868680825)}, 'eta0': 0.0001, 'learning_rate': 'optimal', 'loss': 'log_loss', 'max_iter': 2000, 'n_iter_no_change': 10, 'penalty': 'l2', 'tol': 0.0001, 'validation_fraction': 0.2} ===
2026-08-12 23:14:17,852 | INFO | Model 381| f1=0.9862 recall=0.9853 loss_train=0.0071 loss_test=0.0137
2026-08-12 23:14:17,852 | INFO | Model 381 | training finished | total_elapsed=1.80s
2026-08-12 23:14:17,852 | INFO | === New model #382 params={'alpha': 1e-06, 'class_weight': {np.int64(0): np.float64(0.570472416046546), np.int64(1): np.float64(4.0474872868680825)}, 'eta0': 0.0001, 'learning_rate': 'optimal', 'loss': 'log_loss', 'max_iter': 2000, 'n_iter_no_change': 10, 'penalty': 'l2', 'tol': 1e-05, 'validation_fraction': 0.1} ===
2026-08-12 23:14:19,636 | INFO | Model 382| f1=0.9859 recall=0.9850 loss_train=0.0064 loss_test=0.0137
2026-08-12 23:14:19,636 | INFO | Model 382 | training finished | total_elapsed=1.78s
2026-08-12 23:14:19,637 | INFO | === New model #383 params={'alpha': 1e-06, 'class_weight': {np.int64(0): np.float64(0.570472416046546), np.int64(1): np.float64(4.0474872868680825)}, 'eta0': 0.0001, 'learning_rate': 'optimal', 'loss': 'log_loss', 'max_iter': 2000, 'n_iter_no_change': 10, 'penalty': 'l2', 'tol': 1e-05, 'validation_fraction': 0.2} ===
2026-08-12 23:14:21,492 | INFO | Model 383| f1=0.9864 recall=0.9859 loss_train=0.0071 loss_test=0.0137
2026-08-12 23:14:21,492 | INFO | Model 383 | training finished | total_elapsed=1.86s
2026-08-12 23:14:21,493 | INFO | === New model #384 params={'alpha': 1e-06, 'class_weight': None, 'eta0': 0.001, 'learning_rate': 'optimal', 'loss': 'hinge', 'max_iter': 1000, 'n_iter_no_change': 5, 'penalty': 'l1', 'tol': 0.0001, 'validation_fraction': 0.1} ===
2026-08-12 23:14:24,468 | INFO | Model 384| f1=0.9822 recall=0.9815 loss_train=0.0031 loss_test=0.0181
2026-08-12 23:14:24,468 | INFO | Model 384 | training finished | total_elapsed=2.98s
2026-08-12 23:14:24,469 | INFO | === New model #385 params={'alpha': 1e-06, 'class_weight': None, 'eta0': 0.001, 'learning_rate': 'optimal', 'loss': 'hinge', 'max_iter': 1000, 'n_iter_no_change': 5, 'penalty': 'l1', 'tol': 0.0001, 'validation_fraction': 0.2} ===
2026-08-12 23:14:26,894 | INFO | Model 385| f1=0.9803 recall=0.9829 loss_train=0.0057 loss_test=0.0193
2026-08-12 23:14:26,894 | INFO | Model 385 | training finished | total_elapsed=2.43s
2026-08-12 23:14:26,895 | INFO | === New model #386 params={'alpha': 1e-06, 'class_weight': None, 'eta0': 0.001, 'learning_rate': 'optimal', 'loss': 'hinge', 'max_iter': 1000, 'n_iter_no_change': 5, 'penalty': 'l1', 'tol': 1e-05, 'validation_fraction': 0.1} ===
2026-08-12 23:14:29,904 | INFO | Model 386| f1=0.9822 recall=0.9815 loss_train=0.0031 loss_test=0.0181
2026-08-12 23:14:29,904 | INFO | Model 386 | training finished | total_elapsed=3.01s
2026-08-12 23:14:29,904 | INFO | === New model #387 params={'alpha': 1e-06, 'class_weight': None, 'eta0': 0.001, 'learning_rate': 'optimal', 'loss': 'hinge', 'max_iter': 1000, 'n_iter_no_change': 5, 'penalty': 'l1', 'tol': 1e-05, 'validation_fraction': 0.2} ===
2026-08-12 23:14:32,300 | INFO | Model 387| f1=0.9803 recall=0.9829 loss_train=0.0057 loss_test=0.0193
2026-08-12 23:14:32,301 | INFO | Model 387 | training finished | total_elapsed=2.40s
2026-08-12 23:14:32,301 | INFO | === New model #388 params={'alpha': 1e-06, 'class_weight': None, 'eta0': 0.001, 'learning_rate': 'optimal', 'loss': 'hinge', 'max_iter': 1000, 'n_iter_no_change': 5, 'penalty': 'l2', 'tol': 0.0001, 'validation_fraction': 0.1} ===
2026-08-12 23:14:33,013 | INFO | Model 388| f1=0.9834 recall=0.9764 loss_train=0.0026 loss_test=0.0111
2026-08-12 23:14:33,013 | INFO | Model 388 | training finished | total_elapsed=0.71s
2026-08-12 23:14:33,014 | INFO | === New model #389 params={'alpha': 1e-06, 'class_weight': None, 'eta0': 0.001, 'learning_rate': 'optimal', 'loss': 'hinge', 'max_iter': 1000, 'n_iter_no_change': 5, 'penalty': 'l2', 'tol': 0.0001, 'validation_fraction': 0.2} ===
2026-08-12 23:14:33,711 | INFO | Model 389| f1=0.9814 recall=0.9767 loss_train=0.0038 loss_test=0.0119
2026-08-12 23:14:33,712 | INFO | Model 389 | training finished | total_elapsed=0.70s
2026-08-12 23:14:33,712 | INFO | === New model #390 params={'alpha': 1e-06, 'class_weight': None, 'eta0': 0.001, 'learning_rate': 'optimal', 'loss': 'hinge', 'max_iter': 1000, 'n_iter_no_change': 5, 'penalty': 'l2', 'tol': 1e-05, 'validation_fraction': 0.1} ===
2026-08-12 23:14:34,535 | INFO | Model 390| f1=0.9834 recall=0.9764 loss_train=0.0026 loss_test=0.0111
2026-08-12 23:14:34,535 | INFO | Model 390 | training finished | total_elapsed=0.82s
2026-08-12 23:14:34,535 | INFO | === New model #391 params={'alpha': 1e-06, 'class_weight': None, 'eta0': 0.001, 'learning_rate': 'optimal', 'loss': 'hinge', 'max_iter': 1000, 'n_iter_no_change': 5, 'penalty': 'l2', 'tol': 1e-05, 'validation_fraction': 0.2} ===
2026-08-12 23:14:35,229 | INFO | Model 391| f1=0.9814 recall=0.9767 loss_train=0.0038 loss_test=0.0119
2026-08-12 23:14:35,229 | INFO | Model 391 | training finished | total_elapsed=0.69s
2026-08-12 23:14:35,230 | INFO | === New model #392 params={'alpha': 1e-06, 'class_weight': None, 'eta0': 0.001, 'learning_rate': 'optimal', 'loss': 'hinge', 'max_iter': 1000, 'n_iter_no_change': 10, 'penalty': 'l1', 'tol': 0.0001, 'validation_fraction': 0.1} ===
2026-08-12 23:14:39,630 | INFO | Model 392| f1=0.9817 recall=0.9803 loss_train=0.0030 loss_test=0.0174
2026-08-12 23:14:39,630 | INFO | Model 392 | training finished | total_elapsed=4.40s
2026-08-12 23:14:39,631 | INFO | === New model #393 params={'alpha': 1e-06, 'class_weight': None, 'eta0': 0.001, 'learning_rate': 'optimal', 'loss': 'hinge', 'max_iter': 1000, 'n_iter_no_change': 10, 'penalty': 'l1', 'tol': 0.0001, 'validation_fraction': 0.2} ===
2026-08-12 23:14:43,261 | INFO | Model 393| f1=0.9807 recall=0.9818 loss_train=0.0053 loss_test=0.0183
2026-08-12 23:14:43,261 | INFO | Model 393 | training finished | total_elapsed=3.63s
2026-08-12 23:14:43,262 | INFO | === New model #394 params={'alpha': 1e-06, 'class_weight': None, 'eta0': 0.001, 'learning_rate': 'optimal', 'loss': 'hinge', 'max_iter': 1000, 'n_iter_no_change': 10, 'penalty': 'l1', 'tol': 1e-05, 'validation_fraction': 0.1} ===
2026-08-12 23:14:47,633 | INFO | Model 394| f1=0.9817 recall=0.9803 loss_train=0.0030 loss_test=0.0174
2026-08-12 23:14:47,633 | INFO | Model 394 | training finished | total_elapsed=4.37s
2026-08-12 23:14:47,634 | INFO | === New model #395 params={'alpha': 1e-06, 'class_weight': None, 'eta0': 0.001, 'learning_rate': 'optimal', 'loss': 'hinge', 'max_iter': 1000, 'n_iter_no_change': 10, 'penalty': 'l1', 'tol': 1e-05, 'validation_fraction': 0.2} ===
2026-08-12 23:14:51,091 | INFO | Model 395| f1=0.9807 recall=0.9818 loss_train=0.0053 loss_test=0.0183
2026-08-12 23:14:51,091 | INFO | Model 395 | training finished | total_elapsed=3.46s
2026-08-12 23:14:51,092 | INFO | === New model #396 params={'alpha': 1e-06, 'class_weight': None, 'eta0': 0.001, 'learning_rate': 'optimal', 'loss': 'hinge', 'max_iter': 1000, 'n_iter_no_change': 10, 'penalty': 'l2', 'tol': 0.0001, 'validation_fraction': 0.1} ===
2026-08-12 23:14:52,223 | INFO | Model 396| f1=0.9844 recall=0.9797 loss_train=0.0019 loss_test=0.0111
2026-08-12 23:14:52,223 | INFO | Model 396 | training finished | total_elapsed=1.13s
2026-08-12 23:14:52,223 | INFO | === New model #397 params={'alpha': 1e-06, 'class_weight': None, 'eta0': 0.001, 'learning_rate': 'optimal', 'loss': 'hinge', 'max_iter': 1000, 'n_iter_no_change': 10, 'penalty': 'l2', 'tol': 0.0001, 'validation_fraction': 0.2} ===
2026-08-12 23:14:53,296 | INFO | Model 397| f1=0.9834 recall=0.9755 loss_train=0.0034 loss_test=0.0113
2026-08-12 23:14:53,296 | INFO | Model 397 | training finished | total_elapsed=1.07s
2026-08-12 23:14:53,297 | INFO | === New model #398 params={'alpha': 1e-06, 'class_weight': None, 'eta0': 0.001, 'learning_rate': 'optimal', 'loss': 'hinge', 'max_iter': 1000, 'n_iter_no_change': 10, 'penalty': 'l2', 'tol': 1e-05, 'validation_fraction': 0.1} ===
2026-08-12 23:14:54,364 | INFO | Model 398| f1=0.9844 recall=0.9797 loss_train=0.0019 loss_test=0.0111
2026-08-12 23:14:54,365 | INFO | Model 398 | training finished | total_elapsed=1.07s
2026-08-12 23:14:54,365 | INFO | === New model #399 params={'alpha': 1e-06, 'class_weight': None, 'eta0': 0.001, 'learning_rate': 'optimal', 'loss': 'hinge', 'max_iter': 1000, 'n_iter_no_change': 10, 'penalty': 'l2', 'tol': 1e-05, 'validation_fraction': 0.2} ===
2026-08-12 23:14:55,421 | INFO | Model 399| f1=0.9834 recall=0.9755 loss_train=0.0034 loss_test=0.0113
2026-08-12 23:14:55,421 | INFO | Model 399 | training finished | total_elapsed=1.06s
2026-08-12 23:14:55,422 | INFO | === New model #400 params={'alpha': 1e-06, 'class_weight': None, 'eta0': 0.001, 'learning_rate': 'optimal', 'loss': 'hinge', 'max_iter': 2000, 'n_iter_no_change': 5, 'penalty': 'l1', 'tol': 0.0001, 'validation_fraction': 0.1} ===
2026-08-12 23:14:58,462 | INFO | Model 400| f1=0.9822 recall=0.9815 loss_train=0.0031 loss_test=0.0181
2026-08-12 23:14:58,462 | INFO | Model 400 | training finished | total_elapsed=3.04s
2026-08-12 23:14:58,463 | INFO | === New model #401 params={'alpha': 1e-06, 'class_weight': None, 'eta0': 0.001, 'learning_rate': 'optimal', 'loss': 'hinge', 'max_iter': 2000, 'n_iter_no_change': 5, 'penalty': 'l1', 'tol': 0.0001, 'validation_fraction': 0.2} ===
2026-08-12 23:15:00,784 | INFO | Model 401| f1=0.9803 recall=0.9829 loss_train=0.0057 loss_test=0.0193
2026-08-12 23:15:00,785 | INFO | Model 401 | training finished | total_elapsed=2.32s
2026-08-12 23:15:00,785 | INFO | === New model #402 params={'alpha': 1e-06, 'class_weight': None, 'eta0': 0.001, 'learning_rate': 'optimal', 'loss': 'hinge', 'max_iter': 2000, 'n_iter_no_change': 5, 'penalty': 'l1', 'tol': 1e-05, 'validation_fraction': 0.1} ===
2026-08-12 23:15:03,826 | INFO | Model 402| f1=0.9822 recall=0.9815 loss_train=0.0031 loss_test=0.0181
2026-08-12 23:15:03,826 | INFO | Model 402 | training finished | total_elapsed=3.04s
2026-08-12 23:15:03,827 | INFO | === New model #403 params={'alpha': 1e-06, 'class_weight': None, 'eta0': 0.001, 'learning_rate': 'optimal', 'loss': 'hinge', 'max_iter': 2000, 'n_iter_no_change': 5, 'penalty': 'l1', 'tol': 1e-05, 'validation_fraction': 0.2} ===
2026-08-12 23:15:06,137 | INFO | Model 403| f1=0.9803 recall=0.9829 loss_train=0.0057 loss_test=0.0193
2026-08-12 23:15:06,137 | INFO | Model 403 | training finished | total_elapsed=2.31s
2026-08-12 23:15:06,138 | INFO | === New model #404 params={'alpha': 1e-06, 'class_weight': None, 'eta0': 0.001, 'learning_rate': 'optimal', 'loss': 'hinge', 'max_iter': 2000, 'n_iter_no_change': 5, 'penalty': 'l2', 'tol': 0.0001, 'validation_fraction': 0.1} ===
2026-08-12 23:15:06,815 | INFO | Model 404| f1=0.9834 recall=0.9764 loss_train=0.0026 loss_test=0.0111
2026-08-12 23:15:06,815 | INFO | Model 404 | training finished | total_elapsed=0.68s
2026-08-12 23:15:06,815 | INFO | === New model #405 params={'alpha': 1e-06, 'class_weight': None, 'eta0': 0.001, 'learning_rate': 'optimal', 'loss': 'hinge', 'max_iter': 2000, 'n_iter_no_change': 5, 'penalty': 'l2', 'tol': 0.0001, 'validation_fraction': 0.2} ===
2026-08-12 23:15:07,554 | INFO | Model 405| f1=0.9814 recall=0.9767 loss_train=0.0038 loss_test=0.0119
2026-08-12 23:15:07,555 | INFO | Model 405 | training finished | total_elapsed=0.74s
2026-08-12 23:15:07,555 | INFO | === New model #406 params={'alpha': 1e-06, 'class_weight': None, 'eta0': 0.001, 'learning_rate': 'optimal', 'loss': 'hinge', 'max_iter': 2000, 'n_iter_no_change': 5, 'penalty': 'l2', 'tol': 1e-05, 'validation_fraction': 0.1} ===
2026-08-12 23:15:08,231 | INFO | Model 406| f1=0.9834 recall=0.9764 loss_train=0.0026 loss_test=0.0111
2026-08-12 23:15:08,231 | INFO | Model 406 | training finished | total_elapsed=0.68s
2026-08-12 23:15:08,231 | INFO | === New model #407 params={'alpha': 1e-06, 'class_weight': None, 'eta0': 0.001, 'learning_rate': 'optimal', 'loss': 'hinge', 'max_iter': 2000, 'n_iter_no_change': 5, 'penalty': 'l2', 'tol': 1e-05, 'validation_fraction': 0.2} ===
2026-08-12 23:15:08,906 | INFO | Model 407| f1=0.9814 recall=0.9767 loss_train=0.0038 loss_test=0.0119
2026-08-12 23:15:08,907 | INFO | Model 407 | training finished | total_elapsed=0.68s
2026-08-12 23:15:08,907 | INFO | === New model #408 params={'alpha': 1e-06, 'class_weight': None, 'eta0': 0.001, 'learning_rate': 'optimal', 'loss': 'hinge', 'max_iter': 2000, 'n_iter_no_change': 10, 'penalty': 'l1', 'tol': 0.0001, 'validation_fraction': 0.1} ===
2026-08-12 23:15:12,993 | INFO | Model 408| f1=0.9817 recall=0.9803 loss_train=0.0030 loss_test=0.0174
2026-08-12 23:15:12,993 | INFO | Model 408 | training finished | total_elapsed=4.09s
2026-08-12 23:15:12,994 | INFO | === New model #409 params={'alpha': 1e-06, 'class_weight': None, 'eta0': 0.001, 'learning_rate': 'optimal', 'loss': 'hinge', 'max_iter': 2000, 'n_iter_no_change': 10, 'penalty': 'l1', 'tol': 0.0001, 'validation_fraction': 0.2} ===
2026-08-12 23:15:16,393 | INFO | Model 409| f1=0.9807 recall=0.9818 loss_train=0.0053 loss_test=0.0183
2026-08-12 23:15:16,393 | INFO | Model 409 | training finished | total_elapsed=3.40s
2026-08-12 23:15:16,394 | INFO | === New model #410 params={'alpha': 1e-06, 'class_weight': None, 'eta0': 0.001, 'learning_rate': 'optimal', 'loss': 'hinge', 'max_iter': 2000, 'n_iter_no_change': 10, 'penalty': 'l1', 'tol': 1e-05, 'validation_fraction': 0.1} ===
2026-08-12 23:15:20,597 | INFO | Model 410| f1=0.9817 recall=0.9803 loss_train=0.0030 loss_test=0.0174
2026-08-12 23:15:20,597 | INFO | Model 410 | training finished | total_elapsed=4.20s
2026-08-12 23:15:20,598 | INFO | === New model #411 params={'alpha': 1e-06, 'class_weight': None, 'eta0': 0.001, 'learning_rate': 'optimal', 'loss': 'hinge', 'max_iter': 2000, 'n_iter_no_change': 10, 'penalty': 'l1', 'tol': 1e-05, 'validation_fraction': 0.2} ===
2026-08-12 23:15:24,027 | INFO | Model 411| f1=0.9807 recall=0.9818 loss_train=0.0053 loss_test=0.0183
2026-08-12 23:15:24,028 | INFO | Model 411 | training finished | total_elapsed=3.43s
2026-08-12 23:15:24,028 | INFO | === New model #412 params={'alpha': 1e-06, 'class_weight': None, 'eta0': 0.001, 'learning_rate': 'optimal', 'loss': 'hinge', 'max_iter': 2000, 'n_iter_no_change': 10, 'penalty': 'l2', 'tol': 0.0001, 'validation_fraction': 0.1} ===
2026-08-12 23:15:25,076 | INFO | Model 412| f1=0.9844 recall=0.9797 loss_train=0.0019 loss_test=0.0111
2026-08-12 23:15:25,076 | INFO | Model 412 | training finished | total_elapsed=1.05s
2026-08-12 23:15:25,076 | INFO | === New model #413 params={'alpha': 1e-06, 'class_weight': None, 'eta0': 0.001, 'learning_rate': 'optimal', 'loss': 'hinge', 'max_iter': 2000, 'n_iter_no_change': 10, 'penalty': 'l2', 'tol': 0.0001, 'validation_fraction': 0.2} ===
2026-08-12 23:15:26,157 | INFO | Model 413| f1=0.9834 recall=0.9755 loss_train=0.0034 loss_test=0.0113
2026-08-12 23:15:26,157 | INFO | Model 413 | training finished | total_elapsed=1.08s
2026-08-12 23:15:26,158 | INFO | === New model #414 params={'alpha': 1e-06, 'class_weight': None, 'eta0': 0.001, 'learning_rate': 'optimal', 'loss': 'hinge', 'max_iter': 2000, 'n_iter_no_change': 10, 'penalty': 'l2', 'tol': 1e-05, 'validation_fraction': 0.1} ===
2026-08-12 23:15:27,317 | INFO | Model 414| f1=0.9844 recall=0.9797 loss_train=0.0019 loss_test=0.0111
2026-08-12 23:15:27,317 | INFO | Model 414 | training finished | total_elapsed=1.16s
2026-08-12 23:15:27,318 | INFO | === New model #415 params={'alpha': 1e-06, 'class_weight': None, 'eta0': 0.001, 'learning_rate': 'optimal', 'loss': 'hinge', 'max_iter': 2000, 'n_iter_no_change': 10, 'penalty': 'l2', 'tol': 1e-05, 'validation_fraction': 0.2} ===
2026-08-12 23:15:28,555 | INFO | Model 415| f1=0.9834 recall=0.9755 loss_train=0.0034 loss_test=0.0113
2026-08-12 23:15:28,555 | INFO | Model 415 | training finished | total_elapsed=1.24s
2026-08-12 23:15:28,556 | INFO | === New model #416 params={'alpha': 1e-06, 'class_weight': None, 'eta0': 0.001, 'learning_rate': 'optimal', 'loss': 'log_loss', 'max_iter': 1000, 'n_iter_no_change': 5, 'penalty': 'l1', 'tol': 0.0001, 'validation_fraction': 0.1} ===
2026-08-12 23:15:30,811 | INFO | Model 416| f1=0.9845 recall=0.9791 loss_train=0.0045 loss_test=0.0139
2026-08-12 23:15:30,811 | INFO | Model 416 | training finished | total_elapsed=2.26s
2026-08-12 23:15:30,812 | INFO | === New model #417 params={'alpha': 1e-06, 'class_weight': None, 'eta0': 0.001, 'learning_rate': 'optimal', 'loss': 'log_loss', 'max_iter': 1000, 'n_iter_no_change': 5, 'penalty': 'l1', 'tol': 0.0001, 'validation_fraction': 0.2} ===
2026-08-12 23:15:33,109 | INFO | Model 417| f1=0.9838 recall=0.9791 loss_train=0.0059 loss_test=0.0137
2026-08-12 23:15:33,109 | INFO | Model 417 | training finished | total_elapsed=2.30s
2026-08-12 23:15:33,109 | INFO | === New model #418 params={'alpha': 1e-06, 'class_weight': None, 'eta0': 0.001, 'learning_rate': 'optimal', 'loss': 'log_loss', 'max_iter': 1000, 'n_iter_no_change': 5, 'penalty': 'l1', 'tol': 1e-05, 'validation_fraction': 0.1} ===
2026-08-12 23:15:35,237 | INFO | Model 418| f1=0.9845 recall=0.9791 loss_train=0.0045 loss_test=0.0139
2026-08-12 23:15:35,238 | INFO | Model 418 | training finished | total_elapsed=2.13s
2026-08-12 23:15:35,238 | INFO | === New model #419 params={'alpha': 1e-06, 'class_weight': None, 'eta0': 0.001, 'learning_rate': 'optimal', 'loss': 'log_loss', 'max_iter': 1000, 'n_iter_no_change': 5, 'penalty': 'l1', 'tol': 1e-05, 'validation_fraction': 0.2} ===
2026-08-12 23:15:37,792 | INFO | Model 419| f1=0.9836 recall=0.9800 loss_train=0.0059 loss_test=0.0137
2026-08-12 23:15:37,793 | INFO | Model 419 | training finished | total_elapsed=2.55s
2026-08-12 23:15:37,793 | INFO | === New model #420 params={'alpha': 1e-06, 'class_weight': None, 'eta0': 0.001, 'learning_rate': 'optimal', 'loss': 'log_loss', 'max_iter': 1000, 'n_iter_no_change': 5, 'penalty': 'l2', 'tol': 0.0001, 'validation_fraction': 0.1} ===
2026-08-12 23:15:38,859 | INFO | Model 420| f1=0.9834 recall=0.9731 loss_train=0.0059 loss_test=0.0134
2026-08-12 23:15:38,859 | INFO | Model 420 | training finished | total_elapsed=1.07s
2026-08-12 23:15:38,859 | INFO | === New model #421 params={'alpha': 1e-06, 'class_weight': None, 'eta0': 0.001, 'learning_rate': 'optimal', 'loss': 'log_loss', 'max_iter': 1000, 'n_iter_no_change': 5, 'penalty': 'l2', 'tol': 0.0001, 'validation_fraction': 0.2} ===
2026-08-12 23:15:39,992 | INFO | Model 421| f1=0.9821 recall=0.9710 loss_train=0.0067 loss_test=0.0133
2026-08-12 23:15:39,992 | INFO | Model 421 | training finished | total_elapsed=1.13s
2026-08-12 23:15:39,992 | INFO | === New model #422 params={'alpha': 1e-06, 'class_weight': None, 'eta0': 0.001, 'learning_rate': 'optimal', 'loss': 'log_loss', 'max_iter': 1000, 'n_iter_no_change': 5, 'penalty': 'l2', 'tol': 1e-05, 'validation_fraction': 0.1} ===
2026-08-12 23:15:41,155 | INFO | Model 422| f1=0.9829 recall=0.9725 loss_train=0.0057 loss_test=0.0131
2026-08-12 23:15:41,155 | INFO | Model 422 | training finished | total_elapsed=1.16s
2026-08-12 23:15:41,155 | INFO | === New model #423 params={'alpha': 1e-06, 'class_weight': None, 'eta0': 0.001, 'learning_rate': 'optimal', 'loss': 'log_loss', 'max_iter': 1000, 'n_iter_no_change': 5, 'penalty': 'l2', 'tol': 1e-05, 'validation_fraction': 0.2} ===
2026-08-12 23:15:42,467 | INFO | Model 423| f1=0.9826 recall=0.9710 loss_train=0.0068 loss_test=0.0133
2026-08-12 23:15:42,467 | INFO | Model 423 | training finished | total_elapsed=1.31s
2026-08-12 23:15:42,467 | INFO | === New model #424 params={'alpha': 1e-06, 'class_weight': None, 'eta0': 0.001, 'learning_rate': 'optimal', 'loss': 'log_loss', 'max_iter': 1000, 'n_iter_no_change': 10, 'penalty': 'l1', 'tol': 0.0001, 'validation_fraction': 0.1} ===
2026-08-12 23:15:46,203 | INFO | Model 424| f1=0.9857 recall=0.9803 loss_train=0.0048 loss_test=0.0133
2026-08-12 23:15:46,203 | INFO | Model 424 | training finished | total_elapsed=3.74s
2026-08-12 23:15:46,204 | INFO | === New model #425 params={'alpha': 1e-06, 'class_weight': None, 'eta0': 0.001, 'learning_rate': 'optimal', 'loss': 'log_loss', 'max_iter': 1000, 'n_iter_no_change': 10, 'penalty': 'l1', 'tol': 0.0001, 'validation_fraction': 0.2} ===
2026-08-12 23:15:50,031 | INFO | Model 425| f1=0.9839 recall=0.9788 loss_train=0.0061 loss_test=0.0132
2026-08-12 23:15:50,031 | INFO | Model 425 | training finished | total_elapsed=3.83s
2026-08-12 23:15:50,031 | INFO | === New model #426 params={'alpha': 1e-06, 'class_weight': None, 'eta0': 0.001, 'learning_rate': 'optimal', 'loss': 'log_loss', 'max_iter': 1000, 'n_iter_no_change': 10, 'penalty': 'l1', 'tol': 1e-05, 'validation_fraction': 0.1} ===
2026-08-12 23:15:53,895 | INFO | Model 426| f1=0.9857 recall=0.9803 loss_train=0.0048 loss_test=0.0133
2026-08-12 23:15:53,895 | INFO | Model 426 | training finished | total_elapsed=3.86s
2026-08-12 23:15:53,896 | INFO | === New model #427 params={'alpha': 1e-06, 'class_weight': None, 'eta0': 0.001, 'learning_rate': 'optimal', 'loss': 'log_loss', 'max_iter': 1000, 'n_iter_no_change': 10, 'penalty': 'l1', 'tol': 1e-05, 'validation_fraction': 0.2} ===
2026-08-12 23:15:57,875 | INFO | Model 427| f1=0.9842 recall=0.9794 loss_train=0.0061 loss_test=0.0132
2026-08-12 23:15:57,875 | INFO | Model 427 | training finished | total_elapsed=3.98s
2026-08-12 23:15:57,876 | INFO | === New model #428 params={'alpha': 1e-06, 'class_weight': None, 'eta0': 0.001, 'learning_rate': 'optimal', 'loss': 'log_loss', 'max_iter': 1000, 'n_iter_no_change': 10, 'penalty': 'l2', 'tol': 0.0001, 'validation_fraction': 0.1} ===
2026-08-12 23:15:59,462 | INFO | Model 428| f1=0.9832 recall=0.9719 loss_train=0.0058 loss_test=0.0132
2026-08-12 23:15:59,462 | INFO | Model 428 | training finished | total_elapsed=1.59s
2026-08-12 23:15:59,463 | INFO | === New model #429 params={'alpha': 1e-06, 'class_weight': None, 'eta0': 0.001, 'learning_rate': 'optimal', 'loss': 'log_loss', 'max_iter': 1000, 'n_iter_no_change': 10, 'penalty': 'l2', 'tol': 0.0001, 'validation_fraction': 0.2} ===
2026-08-12 23:16:01,036 | INFO | Model 429| f1=0.9826 recall=0.9704 loss_train=0.0069 loss_test=0.0134
2026-08-12 23:16:01,037 | INFO | Model 429 | training finished | total_elapsed=1.57s
2026-08-12 23:16:01,037 | INFO | === New model #430 params={'alpha': 1e-06, 'class_weight': None, 'eta0': 0.001, 'learning_rate': 'optimal', 'loss': 'log_loss', 'max_iter': 1000, 'n_iter_no_change': 10, 'penalty': 'l2', 'tol': 1e-05, 'validation_fraction': 0.1} ===
2026-08-12 23:16:02,646 | INFO | Model 430| f1=0.9828 recall=0.9719 loss_train=0.0058 loss_test=0.0132
2026-08-12 23:16:02,646 | INFO | Model 430 | training finished | total_elapsed=1.61s
2026-08-12 23:16:02,647 | INFO | === New model #431 params={'alpha': 1e-06, 'class_weight': None, 'eta0': 0.001, 'learning_rate': 'optimal', 'loss': 'log_loss', 'max_iter': 1000, 'n_iter_no_change': 10, 'penalty': 'l2', 'tol': 1e-05, 'validation_fraction': 0.2} ===
2026-08-12 23:16:04,496 | INFO | Model 431| f1=0.9821 recall=0.9701 loss_train=0.0069 loss_test=0.0134
2026-08-12 23:16:04,497 | INFO | Model 431 | training finished | total_elapsed=1.85s
2026-08-12 23:16:04,497 | INFO | === New model #432 params={'alpha': 1e-06, 'class_weight': None, 'eta0': 0.001, 'learning_rate': 'optimal', 'loss': 'log_loss', 'max_iter': 2000, 'n_iter_no_change': 5, 'penalty': 'l1', 'tol': 0.0001, 'validation_fraction': 0.1} ===
2026-08-12 23:16:06,612 | INFO | Model 432| f1=0.9845 recall=0.9791 loss_train=0.0045 loss_test=0.0139
2026-08-12 23:16:06,612 | INFO | Model 432 | training finished | total_elapsed=2.12s
2026-08-12 23:16:06,612 | INFO | === New model #433 params={'alpha': 1e-06, 'class_weight': None, 'eta0': 0.001, 'learning_rate': 'optimal', 'loss': 'log_loss', 'max_iter': 2000, 'n_iter_no_change': 5, 'penalty': 'l1', 'tol': 0.0001, 'validation_fraction': 0.2} ===
2026-08-12 23:16:08,864 | INFO | Model 433| f1=0.9838 recall=0.9791 loss_train=0.0059 loss_test=0.0137
2026-08-12 23:16:08,864 | INFO | Model 433 | training finished | total_elapsed=2.25s
2026-08-12 23:16:08,864 | INFO | === New model #434 params={'alpha': 1e-06, 'class_weight': None, 'eta0': 0.001, 'learning_rate': 'optimal', 'loss': 'log_loss', 'max_iter': 2000, 'n_iter_no_change': 5, 'penalty': 'l1', 'tol': 1e-05, 'validation_fraction': 0.1} ===
2026-08-12 23:16:11,055 | INFO | Model 434| f1=0.9845 recall=0.9791 loss_train=0.0045 loss_test=0.0139
2026-08-12 23:16:11,055 | INFO | Model 434 | training finished | total_elapsed=2.19s
2026-08-12 23:16:11,056 | INFO | === New model #435 params={'alpha': 1e-06, 'class_weight': None, 'eta0': 0.001, 'learning_rate': 'optimal', 'loss': 'log_loss', 'max_iter': 2000, 'n_iter_no_change': 5, 'penalty': 'l1', 'tol': 1e-05, 'validation_fraction': 0.2} ===
2026-08-12 23:16:13,624 | INFO | Model 435| f1=0.9836 recall=0.9800 loss_train=0.0059 loss_test=0.0137
2026-08-12 23:16:13,624 | INFO | Model 435 | training finished | total_elapsed=2.57s
2026-08-12 23:16:13,625 | INFO | === New model #436 params={'alpha': 1e-06, 'class_weight': None, 'eta0': 0.001, 'learning_rate': 'optimal', 'loss': 'log_loss', 'max_iter': 2000, 'n_iter_no_change': 5, 'penalty': 'l2', 'tol': 0.0001, 'validation_fraction': 0.1} ===
2026-08-12 23:16:14,746 | INFO | Model 436| f1=0.9834 recall=0.9731 loss_train=0.0059 loss_test=0.0134
2026-08-12 23:16:14,746 | INFO | Model 436 | training finished | total_elapsed=1.12s
2026-08-12 23:16:14,747 | INFO | === New model #437 params={'alpha': 1e-06, 'class_weight': None, 'eta0': 0.001, 'learning_rate': 'optimal', 'loss': 'log_loss', 'max_iter': 2000, 'n_iter_no_change': 5, 'penalty': 'l2', 'tol': 0.0001, 'validation_fraction': 0.2} ===
2026-08-12 23:16:15,867 | INFO | Model 437| f1=0.9821 recall=0.9710 loss_train=0.0067 loss_test=0.0133
2026-08-12 23:16:15,867 | INFO | Model 437 | training finished | total_elapsed=1.12s
2026-08-12 23:16:15,868 | INFO | === New model #438 params={'alpha': 1e-06, 'class_weight': None, 'eta0': 0.001, 'learning_rate': 'optimal', 'loss': 'log_loss', 'max_iter': 2000, 'n_iter_no_change': 5, 'penalty': 'l2', 'tol': 1e-05, 'validation_fraction': 0.1} ===
2026-08-12 23:16:17,001 | INFO | Model 438| f1=0.9829 recall=0.9725 loss_train=0.0057 loss_test=0.0131
2026-08-12 23:16:17,001 | INFO | Model 438 | training finished | total_elapsed=1.13s
2026-08-12 23:16:17,002 | INFO | === New model #439 params={'alpha': 1e-06, 'class_weight': None, 'eta0': 0.001, 'learning_rate': 'optimal', 'loss': 'log_loss', 'max_iter': 2000, 'n_iter_no_change': 5, 'penalty': 'l2', 'tol': 1e-05, 'validation_fraction': 0.2} ===
2026-08-12 23:16:18,329 | INFO | Model 439| f1=0.9826 recall=0.9710 loss_train=0.0068 loss_test=0.0133
2026-08-12 23:16:18,329 | INFO | Model 439 | training finished | total_elapsed=1.33s
2026-08-12 23:16:18,330 | INFO | === New model #440 params={'alpha': 1e-06, 'class_weight': None, 'eta0': 0.001, 'learning_rate': 'optimal', 'loss': 'log_loss', 'max_iter': 2000, 'n_iter_no_change': 10, 'penalty': 'l1', 'tol': 0.0001, 'validation_fraction': 0.1} ===
2026-08-12 23:16:22,030 | INFO | Model 440| f1=0.9857 recall=0.9803 loss_train=0.0048 loss_test=0.0133
2026-08-12 23:16:22,030 | INFO | Model 440 | training finished | total_elapsed=3.70s
2026-08-12 23:16:22,030 | INFO | === New model #441 params={'alpha': 1e-06, 'class_weight': None, 'eta0': 0.001, 'learning_rate': 'optimal', 'loss': 'log_loss', 'max_iter': 2000, 'n_iter_no_change': 10, 'penalty': 'l1', 'tol': 0.0001, 'validation_fraction': 0.2} ===
2026-08-12 23:16:25,645 | INFO | Model 441| f1=0.9839 recall=0.9788 loss_train=0.0061 loss_test=0.0132
2026-08-12 23:16:25,645 | INFO | Model 441 | training finished | total_elapsed=3.62s
2026-08-12 23:16:25,646 | INFO | === New model #442 params={'alpha': 1e-06, 'class_weight': None, 'eta0': 0.001, 'learning_rate': 'optimal', 'loss': 'log_loss', 'max_iter': 2000, 'n_iter_no_change': 10, 'penalty': 'l1', 'tol': 1e-05, 'validation_fraction': 0.1} ===
2026-08-12 23:16:29,248 | INFO | Model 442| f1=0.9857 recall=0.9803 loss_train=0.0048 loss_test=0.0133
2026-08-12 23:16:29,248 | INFO | Model 442 | training finished | total_elapsed=3.60s
2026-08-12 23:16:29,248 | INFO | === New model #443 params={'alpha': 1e-06, 'class_weight': None, 'eta0': 0.001, 'learning_rate': 'optimal', 'loss': 'log_loss', 'max_iter': 2000, 'n_iter_no_change': 10, 'penalty': 'l1', 'tol': 1e-05, 'validation_fraction': 0.2} ===
2026-08-12 23:16:33,221 | INFO | Model 443| f1=0.9842 recall=0.9794 loss_train=0.0061 loss_test=0.0132
2026-08-12 23:16:33,222 | INFO | Model 443 | training finished | total_elapsed=3.97s
2026-08-12 23:16:33,222 | INFO | === New model #444 params={'alpha': 1e-06, 'class_weight': None, 'eta0': 0.001, 'learning_rate': 'optimal', 'loss': 'log_loss', 'max_iter': 2000, 'n_iter_no_change': 10, 'penalty': 'l2', 'tol': 0.0001, 'validation_fraction': 0.1} ===
2026-08-12 23:16:34,782 | INFO | Model 444| f1=0.9832 recall=0.9719 loss_train=0.0058 loss_test=0.0132
2026-08-12 23:16:34,782 | INFO | Model 444 | training finished | total_elapsed=1.56s
2026-08-12 23:16:34,783 | INFO | === New model #445 params={'alpha': 1e-06, 'class_weight': None, 'eta0': 0.001, 'learning_rate': 'optimal', 'loss': 'log_loss', 'max_iter': 2000, 'n_iter_no_change': 10, 'penalty': 'l2', 'tol': 0.0001, 'validation_fraction': 0.2} ===
2026-08-12 23:16:36,378 | INFO | Model 445| f1=0.9826 recall=0.9704 loss_train=0.0069 loss_test=0.0134
2026-08-12 23:16:36,378 | INFO | Model 445 | training finished | total_elapsed=1.60s
2026-08-12 23:16:36,378 | INFO | === New model #446 params={'alpha': 1e-06, 'class_weight': None, 'eta0': 0.001, 'learning_rate': 'optimal', 'loss': 'log_loss', 'max_iter': 2000, 'n_iter_no_change': 10, 'penalty': 'l2', 'tol': 1e-05, 'validation_fraction': 0.1} ===
2026-08-12 23:16:37,995 | INFO | Model 446| f1=0.9828 recall=0.9719 loss_train=0.0058 loss_test=0.0132
2026-08-12 23:16:37,995 | INFO | Model 446 | training finished | total_elapsed=1.62s
2026-08-12 23:16:37,996 | INFO | === New model #447 params={'alpha': 1e-06, 'class_weight': None, 'eta0': 0.001, 'learning_rate': 'optimal', 'loss': 'log_loss', 'max_iter': 2000, 'n_iter_no_change': 10, 'penalty': 'l2', 'tol': 1e-05, 'validation_fraction': 0.2} ===
2026-08-12 23:16:39,789 | INFO | Model 447| f1=0.9821 recall=0.9701 loss_train=0.0069 loss_test=0.0134
2026-08-12 23:16:39,789 | INFO | Model 447 | training finished | total_elapsed=1.79s
2026-08-12 23:16:39,790 | INFO | === New model #448 params={'alpha': 1e-06, 'class_weight': None, 'eta0': 0.0001, 'learning_rate': 'optimal', 'loss': 'hinge', 'max_iter': 1000, 'n_iter_no_change': 5, 'penalty': 'l1', 'tol': 0.0001, 'validation_fraction': 0.1} ===
2026-08-12 23:16:42,804 | INFO | Model 448| f1=0.9822 recall=0.9815 loss_train=0.0031 loss_test=0.0181
2026-08-12 23:16:42,805 | INFO | Model 448 | training finished | total_elapsed=3.02s
2026-08-12 23:16:42,805 | INFO | === New model #449 params={'alpha': 1e-06, 'class_weight': None, 'eta0': 0.0001, 'learning_rate': 'optimal', 'loss': 'hinge', 'max_iter': 1000, 'n_iter_no_change': 5, 'penalty': 'l1', 'tol': 0.0001, 'validation_fraction': 0.2} ===
2026-08-12 23:16:45,149 | INFO | Model 449| f1=0.9803 recall=0.9829 loss_train=0.0057 loss_test=0.0193
2026-08-12 23:16:45,149 | INFO | Model 449 | training finished | total_elapsed=2.34s
2026-08-12 23:16:45,150 | INFO | === New model #450 params={'alpha': 1e-06, 'class_weight': None, 'eta0': 0.0001, 'learning_rate': 'optimal', 'loss': 'hinge', 'max_iter': 1000, 'n_iter_no_change': 5, 'penalty': 'l1', 'tol': 1e-05, 'validation_fraction': 0.1} ===
2026-08-12 23:16:48,123 | INFO | Model 450| f1=0.9822 recall=0.9815 loss_train=0.0031 loss_test=0.0181
2026-08-12 23:16:48,123 | INFO | Model 450 | training finished | total_elapsed=2.97s
2026-08-12 23:16:48,123 | INFO | === New model #451 params={'alpha': 1e-06, 'class_weight': None, 'eta0': 0.0001, 'learning_rate': 'optimal', 'loss': 'hinge', 'max_iter': 1000, 'n_iter_no_change': 5, 'penalty': 'l1', 'tol': 1e-05, 'validation_fraction': 0.2} ===
2026-08-12 23:16:50,458 | INFO | Model 451| f1=0.9803 recall=0.9829 loss_train=0.0057 loss_test=0.0193
2026-08-12 23:16:50,458 | INFO | Model 451 | training finished | total_elapsed=2.34s
2026-08-12 23:16:50,459 | INFO | === New model #452 params={'alpha': 1e-06, 'class_weight': None, 'eta0': 0.0001, 'learning_rate': 'optimal', 'loss': 'hinge', 'max_iter': 1000, 'n_iter_no_change': 5, 'penalty': 'l2', 'tol': 0.0001, 'validation_fraction': 0.1} ===
2026-08-12 23:16:51,173 | INFO | Model 452| f1=0.9834 recall=0.9764 loss_train=0.0026 loss_test=0.0111
2026-08-12 23:16:51,173 | INFO | Model 452 | training finished | total_elapsed=0.71s
2026-08-12 23:16:51,174 | INFO | === New model #453 params={'alpha': 1e-06, 'class_weight': None, 'eta0': 0.0001, 'learning_rate': 'optimal', 'loss': 'hinge', 'max_iter': 1000, 'n_iter_no_change': 5, 'penalty': 'l2', 'tol': 0.0001, 'validation_fraction': 0.2} ===
2026-08-12 23:16:51,859 | INFO | Model 453| f1=0.9814 recall=0.9767 loss_train=0.0038 loss_test=0.0119
2026-08-12 23:16:51,859 | INFO | Model 453 | training finished | total_elapsed=0.69s
2026-08-12 23:16:51,859 | INFO | === New model #454 params={'alpha': 1e-06, 'class_weight': None, 'eta0': 0.0001, 'learning_rate': 'optimal', 'loss': 'hinge', 'max_iter': 1000, 'n_iter_no_change': 5, 'penalty': 'l2', 'tol': 1e-05, 'validation_fraction': 0.1} ===
2026-08-12 23:16:52,536 | INFO | Model 454| f1=0.9834 recall=0.9764 loss_train=0.0026 loss_test=0.0111
2026-08-12 23:16:52,536 | INFO | Model 454 | training finished | total_elapsed=0.68s
2026-08-12 23:16:52,537 | INFO | === New model #455 params={'alpha': 1e-06, 'class_weight': None, 'eta0': 0.0001, 'learning_rate': 'optimal', 'loss': 'hinge', 'max_iter': 1000, 'n_iter_no_change': 5, 'penalty': 'l2', 'tol': 1e-05, 'validation_fraction': 0.2} ===
2026-08-12 23:16:53,218 | INFO | Model 455| f1=0.9814 recall=0.9767 loss_train=0.0038 loss_test=0.0119
2026-08-12 23:16:53,218 | INFO | Model 455 | training finished | total_elapsed=0.68s
2026-08-12 23:16:53,219 | INFO | === New model #456 params={'alpha': 1e-06, 'class_weight': None, 'eta0': 0.0001, 'learning_rate': 'optimal', 'loss': 'hinge', 'max_iter': 1000, 'n_iter_no_change': 10, 'penalty': 'l1', 'tol': 0.0001, 'validation_fraction': 0.1} ===
2026-08-12 23:16:57,344 | INFO | Model 456| f1=0.9817 recall=0.9803 loss_train=0.0030 loss_test=0.0174
2026-08-12 23:16:57,344 | INFO | Model 456 | training finished | total_elapsed=4.13s
2026-08-12 23:16:57,345 | INFO | === New model #457 params={'alpha': 1e-06, 'class_weight': None, 'eta0': 0.0001, 'learning_rate': 'optimal', 'loss': 'hinge', 'max_iter': 1000, 'n_iter_no_change': 10, 'penalty': 'l1', 'tol': 0.0001, 'validation_fraction': 0.2} ===
2026-08-12 23:17:01,008 | INFO | Model 457| f1=0.9807 recall=0.9818 loss_train=0.0053 loss_test=0.0183
2026-08-12 23:17:01,008 | INFO | Model 457 | training finished | total_elapsed=3.66s
2026-08-12 23:17:01,009 | INFO | === New model #458 params={'alpha': 1e-06, 'class_weight': None, 'eta0': 0.0001, 'learning_rate': 'optimal', 'loss': 'hinge', 'max_iter': 1000, 'n_iter_no_change': 10, 'penalty': 'l1', 'tol': 1e-05, 'validation_fraction': 0.1} ===
2026-08-12 23:17:05,106 | INFO | Model 458| f1=0.9817 recall=0.9803 loss_train=0.0030 loss_test=0.0174
2026-08-12 23:17:05,106 | INFO | Model 458 | training finished | total_elapsed=4.10s
2026-08-12 23:17:05,107 | INFO | === New model #459 params={'alpha': 1e-06, 'class_weight': None, 'eta0': 0.0001, 'learning_rate': 'optimal', 'loss': 'hinge', 'max_iter': 1000, 'n_iter_no_change': 10, 'penalty': 'l1', 'tol': 1e-05, 'validation_fraction': 0.2} ===
2026-08-12 23:17:08,622 | INFO | Model 459| f1=0.9807 recall=0.9818 loss_train=0.0053 loss_test=0.0183
2026-08-12 23:17:08,622 | INFO | Model 459 | training finished | total_elapsed=3.52s
2026-08-12 23:17:08,622 | INFO | === New model #460 params={'alpha': 1e-06, 'class_weight': None, 'eta0': 0.0001, 'learning_rate': 'optimal', 'loss': 'hinge', 'max_iter': 1000, 'n_iter_no_change': 10, 'penalty': 'l2', 'tol': 0.0001, 'validation_fraction': 0.1} ===
2026-08-12 23:17:09,661 | INFO | Model 460| f1=0.9844 recall=0.9797 loss_train=0.0019 loss_test=0.0111
2026-08-12 23:17:09,661 | INFO | Model 460 | training finished | total_elapsed=1.04s
2026-08-12 23:17:09,662 | INFO | === New model #461 params={'alpha': 1e-06, 'class_weight': None, 'eta0': 0.0001, 'learning_rate': 'optimal', 'loss': 'hinge', 'max_iter': 1000, 'n_iter_no_change': 10, 'penalty': 'l2', 'tol': 0.0001, 'validation_fraction': 0.2} ===
2026-08-12 23:17:10,730 | INFO | Model 461| f1=0.9834 recall=0.9755 loss_train=0.0034 loss_test=0.0113
2026-08-12 23:17:10,730 | INFO | Model 461 | training finished | total_elapsed=1.07s
2026-08-12 23:17:10,732 | INFO | === New model #462 params={'alpha': 1e-06, 'class_weight': None, 'eta0': 0.0001, 'learning_rate': 'optimal', 'loss': 'hinge', 'max_iter': 1000, 'n_iter_no_change': 10, 'penalty': 'l2', 'tol': 1e-05, 'validation_fraction': 0.1} ===
2026-08-12 23:17:11,873 | INFO | Model 462| f1=0.9844 recall=0.9797 loss_train=0.0019 loss_test=0.0111
2026-08-12 23:17:11,873 | INFO | Model 462 | training finished | total_elapsed=1.14s
2026-08-12 23:17:11,874 | INFO | === New model #463 params={'alpha': 1e-06, 'class_weight': None, 'eta0': 0.0001, 'learning_rate': 'optimal', 'loss': 'hinge', 'max_iter': 1000, 'n_iter_no_change': 10, 'penalty': 'l2', 'tol': 1e-05, 'validation_fraction': 0.2} ===
2026-08-12 23:17:12,930 | INFO | Model 463| f1=0.9834 recall=0.9755 loss_train=0.0034 loss_test=0.0113
2026-08-12 23:17:12,930 | INFO | Model 463 | training finished | total_elapsed=1.06s
2026-08-12 23:17:12,931 | INFO | === New model #464 params={'alpha': 1e-06, 'class_weight': None, 'eta0': 0.0001, 'learning_rate': 'optimal', 'loss': 'hinge', 'max_iter': 2000, 'n_iter_no_change': 5, 'penalty': 'l1', 'tol': 0.0001, 'validation_fraction': 0.1} ===
2026-08-12 23:17:15,896 | INFO | Model 464| f1=0.9822 recall=0.9815 loss_train=0.0031 loss_test=0.0181
2026-08-12 23:17:15,896 | INFO | Model 464 | training finished | total_elapsed=2.97s
2026-08-12 23:17:15,897 | INFO | === New model #465 params={'alpha': 1e-06, 'class_weight': None, 'eta0': 0.0001, 'learning_rate': 'optimal', 'loss': 'hinge', 'max_iter': 2000, 'n_iter_no_change': 5, 'penalty': 'l1', 'tol': 0.0001, 'validation_fraction': 0.2} ===
2026-08-12 23:17:18,298 | INFO | Model 465| f1=0.9803 recall=0.9829 loss_train=0.0057 loss_test=0.0193
2026-08-12 23:17:18,299 | INFO | Model 465 | training finished | total_elapsed=2.40s
2026-08-12 23:17:18,299 | INFO | === New model #466 params={'alpha': 1e-06, 'class_weight': None, 'eta0': 0.0001, 'learning_rate': 'optimal', 'loss': 'hinge', 'max_iter': 2000, 'n_iter_no_change': 5, 'penalty': 'l1', 'tol': 1e-05, 'validation_fraction': 0.1} ===
2026-08-12 23:17:21,206 | INFO | Model 466| f1=0.9822 recall=0.9815 loss_train=0.0031 loss_test=0.0181
2026-08-12 23:17:21,206 | INFO | Model 466 | training finished | total_elapsed=2.91s
2026-08-12 23:17:21,207 | INFO | === New model #467 params={'alpha': 1e-06, 'class_weight': None, 'eta0': 0.0001, 'learning_rate': 'optimal', 'loss': 'hinge', 'max_iter': 2000, 'n_iter_no_change': 5, 'penalty': 'l1', 'tol': 1e-05, 'validation_fraction': 0.2} ===
2026-08-12 23:17:23,628 | INFO | Model 467| f1=0.9803 recall=0.9829 loss_train=0.0057 loss_test=0.0193
2026-08-12 23:17:23,628 | INFO | Model 467 | training finished | total_elapsed=2.42s
2026-08-12 23:17:23,629 | INFO | === New model #468 params={'alpha': 1e-06, 'class_weight': None, 'eta0': 0.0001, 'learning_rate': 'optimal', 'loss': 'hinge', 'max_iter': 2000, 'n_iter_no_change': 5, 'penalty': 'l2', 'tol': 0.0001, 'validation_fraction': 0.1} ===
2026-08-12 23:17:24,300 | INFO | Model 468| f1=0.9834 recall=0.9764 loss_train=0.0026 loss_test=0.0111
2026-08-12 23:17:24,300 | INFO | Model 468 | training finished | total_elapsed=0.67s
2026-08-12 23:17:24,300 | INFO | === New model #469 params={'alpha': 1e-06, 'class_weight': None, 'eta0': 0.0001, 'learning_rate': 'optimal', 'loss': 'hinge', 'max_iter': 2000, 'n_iter_no_change': 5, 'penalty': 'l2', 'tol': 0.0001, 'validation_fraction': 0.2} ===
2026-08-12 23:17:25,001 | INFO | Model 469| f1=0.9814 recall=0.9767 loss_train=0.0038 loss_test=0.0119
2026-08-12 23:17:25,001 | INFO | Model 469 | training finished | total_elapsed=0.70s
2026-08-12 23:17:25,002 | INFO | === New model #470 params={'alpha': 1e-06, 'class_weight': None, 'eta0': 0.0001, 'learning_rate': 'optimal', 'loss': 'hinge', 'max_iter': 2000, 'n_iter_no_change': 5, 'penalty': 'l2', 'tol': 1e-05, 'validation_fraction': 0.1} ===
2026-08-12 23:17:25,684 | INFO | Model 470| f1=0.9834 recall=0.9764 loss_train=0.0026 loss_test=0.0111
2026-08-12 23:17:25,685 | INFO | Model 470 | training finished | total_elapsed=0.68s
2026-08-12 23:17:25,685 | INFO | === New model #471 params={'alpha': 1e-06, 'class_weight': None, 'eta0': 0.0001, 'learning_rate': 'optimal', 'loss': 'hinge', 'max_iter': 2000, 'n_iter_no_change': 5, 'penalty': 'l2', 'tol': 1e-05, 'validation_fraction': 0.2} ===
2026-08-12 23:17:26,372 | INFO | Model 471| f1=0.9814 recall=0.9767 loss_train=0.0038 loss_test=0.0119
2026-08-12 23:17:26,372 | INFO | Model 471 | training finished | total_elapsed=0.69s
2026-08-12 23:17:26,373 | INFO | === New model #472 params={'alpha': 1e-06, 'class_weight': None, 'eta0': 0.0001, 'learning_rate': 'optimal', 'loss': 'hinge', 'max_iter': 2000, 'n_iter_no_change': 10, 'penalty': 'l1', 'tol': 0.0001, 'validation_fraction': 0.1} ===
2026-08-12 23:17:31,379 | INFO | Model 472| f1=0.9817 recall=0.9803 loss_train=0.0030 loss_test=0.0174
2026-08-12 23:17:31,379 | INFO | Model 472 | training finished | total_elapsed=5.01s
2026-08-12 23:17:31,380 | INFO | === New model #473 params={'alpha': 1e-06, 'class_weight': None, 'eta0': 0.0001, 'learning_rate': 'optimal', 'loss': 'hinge', 'max_iter': 2000, 'n_iter_no_change': 10, 'penalty': 'l1', 'tol': 0.0001, 'validation_fraction': 0.2} ===
2026-08-12 23:17:35,406 | INFO | Model 473| f1=0.9807 recall=0.9818 loss_train=0.0053 loss_test=0.0183
2026-08-12 23:17:35,407 | INFO | Model 473 | training finished | total_elapsed=4.03s
2026-08-12 23:17:35,407 | INFO | === New model #474 params={'alpha': 1e-06, 'class_weight': None, 'eta0': 0.0001, 'learning_rate': 'optimal', 'loss': 'hinge', 'max_iter': 2000, 'n_iter_no_change': 10, 'penalty': 'l1', 'tol': 1e-05, 'validation_fraction': 0.1} ===
2026-08-12 23:17:40,420 | INFO | Model 474| f1=0.9817 recall=0.9803 loss_train=0.0030 loss_test=0.0174
2026-08-12 23:17:40,420 | INFO | Model 474 | training finished | total_elapsed=5.01s
2026-08-12 23:17:40,421 | INFO | === New model #475 params={'alpha': 1e-06, 'class_weight': None, 'eta0': 0.0001, 'learning_rate': 'optimal', 'loss': 'hinge', 'max_iter': 2000, 'n_iter_no_change': 10, 'penalty': 'l1', 'tol': 1e-05, 'validation_fraction': 0.2} ===
2026-08-12 23:17:43,917 | INFO | Model 475| f1=0.9807 recall=0.9818 loss_train=0.0053 loss_test=0.0183
2026-08-12 23:17:43,918 | INFO | Model 475 | training finished | total_elapsed=3.50s
2026-08-12 23:17:43,918 | INFO | === New model #476 params={'alpha': 1e-06, 'class_weight': None, 'eta0': 0.0001, 'learning_rate': 'optimal', 'loss': 'hinge', 'max_iter': 2000, 'n_iter_no_change': 10, 'penalty': 'l2', 'tol': 0.0001, 'validation_fraction': 0.1} ===
2026-08-12 23:17:44,977 | INFO | Model 476| f1=0.9844 recall=0.9797 loss_train=0.0019 loss_test=0.0111
2026-08-12 23:17:44,977 | INFO | Model 476 | training finished | total_elapsed=1.06s
2026-08-12 23:17:44,978 | INFO | === New model #477 params={'alpha': 1e-06, 'class_weight': None, 'eta0': 0.0001, 'learning_rate': 'optimal', 'loss': 'hinge', 'max_iter': 2000, 'n_iter_no_change': 10, 'penalty': 'l2', 'tol': 0.0001, 'validation_fraction': 0.2} ===
2026-08-12 23:17:46,040 | INFO | Model 477| f1=0.9834 recall=0.9755 loss_train=0.0034 loss_test=0.0113
2026-08-12 23:17:46,041 | INFO | Model 477 | training finished | total_elapsed=1.06s
2026-08-12 23:17:46,041 | INFO | === New model #478 params={'alpha': 1e-06, 'class_weight': None, 'eta0': 0.0001, 'learning_rate': 'optimal', 'loss': 'hinge', 'max_iter': 2000, 'n_iter_no_change': 10, 'penalty': 'l2', 'tol': 1e-05, 'validation_fraction': 0.1} ===
2026-08-12 23:17:47,082 | INFO | Model 478| f1=0.9844 recall=0.9797 loss_train=0.0019 loss_test=0.0111
2026-08-12 23:17:47,082 | INFO | Model 478 | training finished | total_elapsed=1.04s
2026-08-12 23:17:47,083 | INFO | === New model #479 params={'alpha': 1e-06, 'class_weight': None, 'eta0': 0.0001, 'learning_rate': 'optimal', 'loss': 'hinge', 'max_iter': 2000, 'n_iter_no_change': 10, 'penalty': 'l2', 'tol': 1e-05, 'validation_fraction': 0.2} ===
2026-08-12 23:17:48,230 | INFO | Model 479| f1=0.9834 recall=0.9755 loss_train=0.0034 loss_test=0.0113
2026-08-12 23:17:48,230 | INFO | Model 479 | training finished | total_elapsed=1.15s
2026-08-12 23:17:48,230 | INFO | === New model #480 params={'alpha': 1e-06, 'class_weight': None, 'eta0': 0.0001, 'learning_rate': 'optimal', 'loss': 'log_loss', 'max_iter': 1000, 'n_iter_no_change': 5, 'penalty': 'l1', 'tol': 0.0001, 'validation_fraction': 0.1} ===
2026-08-12 23:17:50,367 | INFO | Model 480| f1=0.9845 recall=0.9791 loss_train=0.0045 loss_test=0.0139
2026-08-12 23:17:50,367 | INFO | Model 480 | training finished | total_elapsed=2.14s
2026-08-12 23:17:50,367 | INFO | === New model #481 params={'alpha': 1e-06, 'class_weight': None, 'eta0': 0.0001, 'learning_rate': 'optimal', 'loss': 'log_loss', 'max_iter': 1000, 'n_iter_no_change': 5, 'penalty': 'l1', 'tol': 0.0001, 'validation_fraction': 0.2} ===
2026-08-12 23:17:52,713 | INFO | Model 481| f1=0.9838 recall=0.9791 loss_train=0.0059 loss_test=0.0137
2026-08-12 23:17:52,713 | INFO | Model 481 | training finished | total_elapsed=2.35s
2026-08-12 23:17:52,714 | INFO | === New model #482 params={'alpha': 1e-06, 'class_weight': None, 'eta0': 0.0001, 'learning_rate': 'optimal', 'loss': 'log_loss', 'max_iter': 1000, 'n_iter_no_change': 5, 'penalty': 'l1', 'tol': 1e-05, 'validation_fraction': 0.1} ===
2026-08-12 23:17:54,810 | INFO | Model 482| f1=0.9845 recall=0.9791 loss_train=0.0045 loss_test=0.0139
2026-08-12 23:17:54,810 | INFO | Model 482 | training finished | total_elapsed=2.10s
2026-08-12 23:17:54,810 | INFO | === New model #483 params={'alpha': 1e-06, 'class_weight': None, 'eta0': 0.0001, 'learning_rate': 'optimal', 'loss': 'log_loss', 'max_iter': 1000, 'n_iter_no_change': 5, 'penalty': 'l1', 'tol': 1e-05, 'validation_fraction': 0.2} ===
2026-08-12 23:17:57,325 | INFO | Model 483| f1=0.9836 recall=0.9800 loss_train=0.0059 loss_test=0.0137
2026-08-12 23:17:57,325 | INFO | Model 483 | training finished | total_elapsed=2.52s
2026-08-12 23:17:57,326 | INFO | === New model #484 params={'alpha': 1e-06, 'class_weight': None, 'eta0': 0.0001, 'learning_rate': 'optimal', 'loss': 'log_loss', 'max_iter': 1000, 'n_iter_no_change': 5, 'penalty': 'l2', 'tol': 0.0001, 'validation_fraction': 0.1} ===
2026-08-12 23:17:58,439 | INFO | Model 484| f1=0.9834 recall=0.9731 loss_train=0.0059 loss_test=0.0134
2026-08-12 23:17:58,439 | INFO | Model 484 | training finished | total_elapsed=1.11s
2026-08-12 23:17:58,440 | INFO | === New model #485 params={'alpha': 1e-06, 'class_weight': None, 'eta0': 0.0001, 'learning_rate': 'optimal', 'loss': 'log_loss', 'max_iter': 1000, 'n_iter_no_change': 5, 'penalty': 'l2', 'tol': 0.0001, 'validation_fraction': 0.2} ===
2026-08-12 23:17:59,558 | INFO | Model 485| f1=0.9821 recall=0.9710 loss_train=0.0067 loss_test=0.0133
2026-08-12 23:17:59,558 | INFO | Model 485 | training finished | total_elapsed=1.12s
2026-08-12 23:17:59,558 | INFO | === New model #486 params={'alpha': 1e-06, 'class_weight': None, 'eta0': 0.0001, 'learning_rate': 'optimal', 'loss': 'log_loss', 'max_iter': 1000, 'n_iter_no_change': 5, 'penalty': 'l2', 'tol': 1e-05, 'validation_fraction': 0.1} ===
2026-08-12 23:18:00,676 | INFO | Model 486| f1=0.9829 recall=0.9725 loss_train=0.0057 loss_test=0.0131
2026-08-12 23:18:00,676 | INFO | Model 486 | training finished | total_elapsed=1.12s
2026-08-12 23:18:00,676 | INFO | === New model #487 params={'alpha': 1e-06, 'class_weight': None, 'eta0': 0.0001, 'learning_rate': 'optimal', 'loss': 'log_loss', 'max_iter': 1000, 'n_iter_no_change': 5, 'penalty': 'l2', 'tol': 1e-05, 'validation_fraction': 0.2} ===
2026-08-12 23:18:01,997 | INFO | Model 487| f1=0.9826 recall=0.9710 loss_train=0.0068 loss_test=0.0133
2026-08-12 23:18:01,997 | INFO | Model 487 | training finished | total_elapsed=1.32s
2026-08-12 23:18:01,998 | INFO | === New model #488 params={'alpha': 1e-06, 'class_weight': None, 'eta0': 0.0001, 'learning_rate': 'optimal', 'loss': 'log_loss', 'max_iter': 1000, 'n_iter_no_change': 10, 'penalty': 'l1', 'tol': 0.0001, 'validation_fraction': 0.1} ===
2026-08-12 23:18:05,619 | INFO | Model 488| f1=0.9857 recall=0.9803 loss_train=0.0048 loss_test=0.0133
2026-08-12 23:18:05,620 | INFO | Model 488 | training finished | total_elapsed=3.62s
2026-08-12 23:18:05,620 | INFO | === New model #489 params={'alpha': 1e-06, 'class_weight': None, 'eta0': 0.0001, 'learning_rate': 'optimal', 'loss': 'log_loss', 'max_iter': 1000, 'n_iter_no_change': 10, 'penalty': 'l1', 'tol': 0.0001, 'validation_fraction': 0.2} ===
2026-08-12 23:18:09,315 | INFO | Model 489| f1=0.9839 recall=0.9788 loss_train=0.0061 loss_test=0.0132
2026-08-12 23:18:09,315 | INFO | Model 489 | training finished | total_elapsed=3.70s
2026-08-12 23:18:09,316 | INFO | === New model #490 params={'alpha': 1e-06, 'class_weight': None, 'eta0': 0.0001, 'learning_rate': 'optimal', 'loss': 'log_loss', 'max_iter': 1000, 'n_iter_no_change': 10, 'penalty': 'l1', 'tol': 1e-05, 'validation_fraction': 0.1} ===
2026-08-12 23:18:12,855 | INFO | Model 490| f1=0.9857 recall=0.9803 loss_train=0.0048 loss_test=0.0133
2026-08-12 23:18:12,855 | INFO | Model 490 | training finished | total_elapsed=3.54s
2026-08-12 23:18:12,856 | INFO | === New model #491 params={'alpha': 1e-06, 'class_weight': None, 'eta0': 0.0001, 'learning_rate': 'optimal', 'loss': 'log_loss', 'max_iter': 1000, 'n_iter_no_change': 10, 'penalty': 'l1', 'tol': 1e-05, 'validation_fraction': 0.2} ===
2026-08-12 23:18:16,850 | INFO | Model 491| f1=0.9842 recall=0.9794 loss_train=0.0061 loss_test=0.0132
2026-08-12 23:18:16,850 | INFO | Model 491 | training finished | total_elapsed=3.99s
2026-08-12 23:18:16,851 | INFO | === New model #492 params={'alpha': 1e-06, 'class_weight': None, 'eta0': 0.0001, 'learning_rate': 'optimal', 'loss': 'log_loss', 'max_iter': 1000, 'n_iter_no_change': 10, 'penalty': 'l2', 'tol': 0.0001, 'validation_fraction': 0.1} ===
2026-08-12 23:18:18,404 | INFO | Model 492| f1=0.9832 recall=0.9719 loss_train=0.0058 loss_test=0.0132
2026-08-12 23:18:18,404 | INFO | Model 492 | training finished | total_elapsed=1.55s
2026-08-12 23:18:18,405 | INFO | === New model #493 params={'alpha': 1e-06, 'class_weight': None, 'eta0': 0.0001, 'learning_rate': 'optimal', 'loss': 'log_loss', 'max_iter': 1000, 'n_iter_no_change': 10, 'penalty': 'l2', 'tol': 0.0001, 'validation_fraction': 0.2} ===
2026-08-12 23:18:20,022 | INFO | Model 493| f1=0.9826 recall=0.9704 loss_train=0.0069 loss_test=0.0134
2026-08-12 23:18:20,022 | INFO | Model 493 | training finished | total_elapsed=1.62s
2026-08-12 23:18:20,023 | INFO | === New model #494 params={'alpha': 1e-06, 'class_weight': None, 'eta0': 0.0001, 'learning_rate': 'optimal', 'loss': 'log_loss', 'max_iter': 1000, 'n_iter_no_change': 10, 'penalty': 'l2', 'tol': 1e-05, 'validation_fraction': 0.1} ===
2026-08-12 23:18:21,664 | INFO | Model 494| f1=0.9828 recall=0.9719 loss_train=0.0058 loss_test=0.0132
2026-08-12 23:18:21,664 | INFO | Model 494 | training finished | total_elapsed=1.64s
2026-08-12 23:18:21,665 | INFO | === New model #495 params={'alpha': 1e-06, 'class_weight': None, 'eta0': 0.0001, 'learning_rate': 'optimal', 'loss': 'log_loss', 'max_iter': 1000, 'n_iter_no_change': 10, 'penalty': 'l2', 'tol': 1e-05, 'validation_fraction': 0.2} ===
2026-08-12 23:18:23,432 | INFO | Model 495| f1=0.9821 recall=0.9701 loss_train=0.0069 loss_test=0.0134
2026-08-12 23:18:23,432 | INFO | Model 495 | training finished | total_elapsed=1.77s
2026-08-12 23:18:23,433 | INFO | === New model #496 params={'alpha': 1e-06, 'class_weight': None, 'eta0': 0.0001, 'learning_rate': 'optimal', 'loss': 'log_loss', 'max_iter': 2000, 'n_iter_no_change': 5, 'penalty': 'l1', 'tol': 0.0001, 'validation_fraction': 0.1} ===
2026-08-12 23:18:25,784 | INFO | Model 496| f1=0.9845 recall=0.9791 loss_train=0.0045 loss_test=0.0139
2026-08-12 23:18:25,784 | INFO | Model 496 | training finished | total_elapsed=2.35s
2026-08-12 23:18:25,785 | INFO | === New model #497 params={'alpha': 1e-06, 'class_weight': None, 'eta0': 0.0001, 'learning_rate': 'optimal', 'loss': 'log_loss', 'max_iter': 2000, 'n_iter_no_change': 5, 'penalty': 'l1', 'tol': 0.0001, 'validation_fraction': 0.2} ===
2026-08-12 23:18:28,112 | INFO | Model 497| f1=0.9838 recall=0.9791 loss_train=0.0059 loss_test=0.0137
2026-08-12 23:18:28,112 | INFO | Model 497 | training finished | total_elapsed=2.33s
2026-08-12 23:18:28,113 | INFO | === New model #498 params={'alpha': 1e-06, 'class_weight': None, 'eta0': 0.0001, 'learning_rate': 'optimal', 'loss': 'log_loss', 'max_iter': 2000, 'n_iter_no_change': 5, 'penalty': 'l1', 'tol': 1e-05, 'validation_fraction': 0.1} ===
2026-08-12 23:18:30,376 | INFO | Model 498| f1=0.9845 recall=0.9791 loss_train=0.0045 loss_test=0.0139
2026-08-12 23:18:30,376 | INFO | Model 498 | training finished | total_elapsed=2.26s
2026-08-12 23:18:30,377 | INFO | === New model #499 params={'alpha': 1e-06, 'class_weight': None, 'eta0': 0.0001, 'learning_rate': 'optimal', 'loss': 'log_loss', 'max_iter': 2000, 'n_iter_no_change': 5, 'penalty': 'l1', 'tol': 1e-05, 'validation_fraction': 0.2} ===
2026-08-12 23:18:33,290 | INFO | Model 499| f1=0.9836 recall=0.9800 loss_train=0.0059 loss_test=0.0137
2026-08-12 23:18:33,291 | INFO | Model 499 | training finished | total_elapsed=2.91s
2026-08-12 23:18:33,291 | INFO | === New model #500 params={'alpha': 1e-06, 'class_weight': None, 'eta0': 0.0001, 'learning_rate': 'optimal', 'loss': 'log_loss', 'max_iter': 2000, 'n_iter_no_change': 5, 'penalty': 'l2', 'tol': 0.0001, 'validation_fraction': 0.1} ===
2026-08-12 23:18:34,364 | INFO | Model 500| f1=0.9834 recall=0.9731 loss_train=0.0059 loss_test=0.0134
2026-08-12 23:18:34,364 | INFO | Model 500 | training finished | total_elapsed=1.07s
2026-08-12 23:18:34,364 | INFO | === New model #501 params={'alpha': 1e-06, 'class_weight': None, 'eta0': 0.0001, 'learning_rate': 'optimal', 'loss': 'log_loss', 'max_iter': 2000, 'n_iter_no_change': 5, 'penalty': 'l2', 'tol': 0.0001, 'validation_fraction': 0.2} ===
2026-08-12 23:18:35,478 | INFO | Model 501| f1=0.9821 recall=0.9710 loss_train=0.0067 loss_test=0.0133
2026-08-12 23:18:35,478 | INFO | Model 501 | training finished | total_elapsed=1.11s
2026-08-12 23:18:35,478 | INFO | === New model #502 params={'alpha': 1e-06, 'class_weight': None, 'eta0': 0.0001, 'learning_rate': 'optimal', 'loss': 'log_loss', 'max_iter': 2000, 'n_iter_no_change': 5, 'penalty': 'l2', 'tol': 1e-05, 'validation_fraction': 0.1} ===
2026-08-12 23:18:36,574 | INFO | Model 502| f1=0.9829 recall=0.9725 loss_train=0.0057 loss_test=0.0131
2026-08-12 23:18:36,574 | INFO | Model 502 | training finished | total_elapsed=1.10s
2026-08-12 23:18:36,575 | INFO | === New model #503 params={'alpha': 1e-06, 'class_weight': None, 'eta0': 0.0001, 'learning_rate': 'optimal', 'loss': 'log_loss', 'max_iter': 2000, 'n_iter_no_change': 5, 'penalty': 'l2', 'tol': 1e-05, 'validation_fraction': 0.2} ===
2026-08-12 23:18:37,824 | INFO | Model 503| f1=0.9826 recall=0.9710 loss_train=0.0068 loss_test=0.0133
2026-08-12 23:18:37,824 | INFO | Model 503 | training finished | total_elapsed=1.25s
2026-08-12 23:18:37,825 | INFO | === New model #504 params={'alpha': 1e-06, 'class_weight': None, 'eta0': 0.0001, 'learning_rate': 'optimal', 'loss': 'log_loss', 'max_iter': 2000, 'n_iter_no_change': 10, 'penalty': 'l1', 'tol': 0.0001, 'validation_fraction': 0.1} ===
2026-08-12 23:18:41,304 | INFO | Model 504| f1=0.9857 recall=0.9803 loss_train=0.0048 loss_test=0.0133
2026-08-12 23:18:41,304 | INFO | Model 504 | training finished | total_elapsed=3.48s
2026-08-12 23:18:41,305 | INFO | === New model #505 params={'alpha': 1e-06, 'class_weight': None, 'eta0': 0.0001, 'learning_rate': 'optimal', 'loss': 'log_loss', 'max_iter': 2000, 'n_iter_no_change': 10, 'penalty': 'l1', 'tol': 0.0001, 'validation_fraction': 0.2} ===
2026-08-12 23:18:44,663 | INFO | Model 505| f1=0.9839 recall=0.9788 loss_train=0.0061 loss_test=0.0132
2026-08-12 23:18:44,663 | INFO | Model 505 | training finished | total_elapsed=3.36s
2026-08-12 23:18:44,664 | INFO | === New model #506 params={'alpha': 1e-06, 'class_weight': None, 'eta0': 0.0001, 'learning_rate': 'optimal', 'loss': 'log_loss', 'max_iter': 2000, 'n_iter_no_change': 10, 'penalty': 'l1', 'tol': 1e-05, 'validation_fraction': 0.1} ===
2026-08-12 23:18:48,509 | INFO | Model 506| f1=0.9857 recall=0.9803 loss_train=0.0048 loss_test=0.0133
2026-08-12 23:18:48,509 | INFO | Model 506 | training finished | total_elapsed=3.85s
2026-08-12 23:18:48,509 | INFO | === New model #507 params={'alpha': 1e-06, 'class_weight': None, 'eta0': 0.0001, 'learning_rate': 'optimal', 'loss': 'log_loss', 'max_iter': 2000, 'n_iter_no_change': 10, 'penalty': 'l1', 'tol': 1e-05, 'validation_fraction': 0.2} ===
2026-08-12 23:18:52,675 | INFO | Model 507| f1=0.9842 recall=0.9794 loss_train=0.0061 loss_test=0.0132
2026-08-12 23:18:52,675 | INFO | Model 507 | training finished | total_elapsed=4.17s
2026-08-12 23:18:52,676 | INFO | === New model #508 params={'alpha': 1e-06, 'class_weight': None, 'eta0': 0.0001, 'learning_rate': 'optimal', 'loss': 'log_loss', 'max_iter': 2000, 'n_iter_no_change': 10, 'penalty': 'l2', 'tol': 0.0001, 'validation_fraction': 0.1} ===
2026-08-12 23:18:54,301 | INFO | Model 508| f1=0.9832 recall=0.9719 loss_train=0.0058 loss_test=0.0132
2026-08-12 23:18:54,301 | INFO | Model 508 | training finished | total_elapsed=1.63s
2026-08-12 23:18:54,301 | INFO | === New model #509 params={'alpha': 1e-06, 'class_weight': None, 'eta0': 0.0001, 'learning_rate': 'optimal', 'loss': 'log_loss', 'max_iter': 2000, 'n_iter_no_change': 10, 'penalty': 'l2', 'tol': 0.0001, 'validation_fraction': 0.2} ===
2026-08-12 23:18:56,033 | INFO | Model 509| f1=0.9826 recall=0.9704 loss_train=0.0069 loss_test=0.0134
2026-08-12 23:18:56,033 | INFO | Model 509 | training finished | total_elapsed=1.73s
2026-08-12 23:18:56,034 | INFO | === New model #510 params={'alpha': 1e-06, 'class_weight': None, 'eta0': 0.0001, 'learning_rate': 'optimal', 'loss': 'log_loss', 'max_iter': 2000, 'n_iter_no_change': 10, 'penalty': 'l2', 'tol': 1e-05, 'validation_fraction': 0.1} ===
2026-08-12 23:18:57,701 | INFO | Model 510| f1=0.9828 recall=0.9719 loss_train=0.0058 loss_test=0.0132
2026-08-12 23:18:57,702 | INFO | Model 510 | training finished | total_elapsed=1.67s
2026-08-12 23:18:57,702 | INFO | === New model #511 params={'alpha': 1e-06, 'class_weight': None, 'eta0': 0.0001, 'learning_rate': 'optimal', 'loss': 'log_loss', 'max_iter': 2000, 'n_iter_no_change': 10, 'penalty': 'l2', 'tol': 1e-05, 'validation_fraction': 0.2} ===
2026-08-12 23:18:59,429 | INFO | Model 511| f1=0.9821 recall=0.9701 loss_train=0.0069 loss_test=0.0134
2026-08-12 23:18:59,429 | INFO | Model 511 | training finished | total_elapsed=1.73s
